slug,url,title,category,categoryUrl,publishedAt,updatedAt,wordCount,thinContent,seoTitle,seoTitleLength,seoDescription,seoDescriptionLength,canonical,canonicalValid,indexable,sitemapIncluded,articleSchema,author,internalLinkCount,brokenInternalLinkCount,calculatorLinkCount,brokenCalculatorLinkCount,relatedArticleCount,ogImage,duplicateTitle,duplicateTopic,futureDate,overallStatus
"sip-calculator-guide-how-to-grow-wealth-with-systematic-investment","https://tooltrio.com/blog/sip-calculator-guide-how-to-grow-wealth-with-systematic-investment","SIP Calculator Guide 2026: How ₹5,000/Month Becomes ₹1 Crore","Investment Guides","https://tooltrio.com/blog/category/investment","2026-02-10","","1120","false","SIP Calculator Guide 2026: How ₹5,000/Month Becomes ₹1 Crore","60","Learn exactly how SIP works with real examples. ₹5,000/month at 12% returns grows to ₹1.76 crore in 25 years.","109","https://tooltrio.com/blog/sip-calculator-guide-how-to-grow-wealth-with-systematic-investment","true","false","false","true","tooltrio Team","2","0","6","0","0","https://tooltrio.com/blog/sip-calculator-guide-how-to-grow-wealth-with-systematic-investment/opengraph-image","false","false","false","PASS"
"compound-interest-guide-eighth-wonder-of-the-world","https://tooltrio.com/blog/compound-interest-guide-eighth-wonder-of-the-world","Compound Interest Guide: The Secret Weapon of Every Millionaire","Investment Guides","https://tooltrio.com/blog/category/investment","2026-02-12","","1073","false","Compound Interest Guide 2026: The Math Behind Every Millionaire","63","Understand compound interest with real examples. ₹1 lakh at 12% becomes ₹9.6 lakh in 20 years.","94","https://tooltrio.com/blog/compound-interest-guide-eighth-wonder-of-the-world","true","false","false","true","tooltrio Team","1","0","5","0","0","https://tooltrio.com/blog/compound-interest-guide-eighth-wonder-of-the-world/opengraph-image","false","false","false","PASS"
"retirement-planning-guide-how-much-do-you-need-to-retire","https://tooltrio.com/blog/retirement-planning-guide-how-much-do-you-need-to-retire","How Much Do You Need to Retire? The Real Numbers for 2026","Retirement Planning","https://tooltrio.com/blog/category/retirement","2026-02-14","","977","false","How Much Do You Need to Retire in India 2026? Real Numbers & Formula","68","Need ₹80,000/month in retirement? You need ₹2.4 crore minimum.","62","https://tooltrio.com/blog/retirement-planning-guide-how-much-do-you-need-to-retire","true","false","false","true","tooltrio Team","1","0","5","0","0","https://tooltrio.com/blog/retirement-planning-guide-how-much-do-you-need-to-retire/opengraph-image","false","false","false","PASS"
"emi-calculator-complete-guide-understand-home-car-personal-loans","https://tooltrio.com/blog/emi-calculator-complete-guide-understand-home-car-personal-loans","EMI Calculator Guide: How Banks Make You Pay 2x the Loan Amount","Loan & EMI Tips","https://tooltrio.com/blog/category/loans","2026-02-16","","955","false","EMI Calculator Guide 2026: How to Save Lakhs on Your Home Loan","62","On a ₹50 lakh loan at 8.5% for 20 years, total interest = ₹53 lakh.","67","https://tooltrio.com/blog/emi-calculator-complete-guide-understand-home-car-personal-loans","true","false","false","true","tooltrio Team","2","0","6","0","0","https://tooltrio.com/blog/emi-calculator-complete-guide-understand-home-car-personal-loans/opengraph-image","false","false","false","PASS"
"home-loan-mortgage-guide-how-to-get-best-rate","https://tooltrio.com/blog/home-loan-mortgage-guide-how-to-get-best-rate","Home Loan Guide 2026: How to Get the Best Rate & Save ₹20 Lakh","Loan & EMI Tips","https://tooltrio.com/blog/category/loans","2026-02-18","","914","false","Home Loan Guide India 2026","26","₹60 lakh home loan at 8% vs 9.5% = ₹20 lakh difference.","55","https://tooltrio.com/blog/home-loan-mortgage-guide-how-to-get-best-rate","true","false","false","true","tooltrio Team","1","0","5","0","0","https://tooltrio.com/blog/home-loan-mortgage-guide-how-to-get-best-rate/opengraph-image","false","false","false","PASS"
"gold-investment-guide-india-2026","https://tooltrio.com/blog/gold-investment-guide-india-2026","Gold Investment Guide India 2026: Should You Buy Gold to Get Rich?","Investment Guides","https://tooltrio.com/blog/category/investment","2026-02-20","","891","false","Gold Investment Guide India 2026: SGB vs ETF vs Physical Gold","61","Gold CAGR 12.8% in 10 years (INR). But physical gold loses 3-5% in making charges.","82","https://tooltrio.com/blog/gold-investment-guide-india-2026","true","false","false","true","tooltrio Team","1","0","4","0","0","https://tooltrio.com/blog/gold-investment-guide-india-2026/opengraph-image","false","false","false","PASS"
"fire-movement-india-guide-2026","https://tooltrio.com/blog/fire-movement-india-guide-2026","FIRE Movement India 2026: How to Retire at 40 With ₹5 Crore","Retirement Planning","https://tooltrio.com/blog/category/retirement","2026-02-22","","1027","false","FIRE Movement India 2026","24","How to achieve FIRE (Financial Independence Retire Early) in India. Save 60% of income, build ₹5 crore in 12-15 years, retire at 40.","132","https://tooltrio.com/blog/fire-movement-india-guide-2026","true","false","false","true","tooltrio Team","1","0","5","0","0","https://tooltrio.com/blog/fire-movement-india-guide-2026/opengraph-image","false","false","false","PASS"
"debt-payoff-strategies-avalanche-vs-snowball-method","https://tooltrio.com/blog/debt-payoff-strategies-avalanche-vs-snowball-method","Debt Payoff Guide 2026: Avalanche vs Snowball -- Which Saves More?","Personal Finance 101","https://tooltrio.com/blog/category/personal-finance","2026-02-24","","1008","false","Debt Payoff Guide 2026","22","Avalanche saves ₹1.2 lakh more, snowball keeps you motivated.","61","https://tooltrio.com/blog/debt-payoff-strategies-avalanche-vs-snowball-method","true","false","false","true","tooltrio Team","1","0","5","0","0","https://tooltrio.com/blog/debt-payoff-strategies-avalanche-vs-snowball-method/opengraph-image","false","false","false","PASS"
"net-worth-guide-how-to-calculate-and-grow-your-wealth","https://tooltrio.com/blog/net-worth-guide-how-to-calculate-and-grow-your-wealth","Net Worth Guide 2026: Your Exact Wealth Number & How to 10x It","Personal Finance 101","https://tooltrio.com/blog/category/personal-finance","2026-02-26","","827","false","Net Worth Guide 2026: How to Calculate & 10x Your Wealth in India","65","Net worth = Assets - Liabilities. Most Indians with ₹2 lakh/month salary have under ₹10 lakh net worth due to loans.","116","https://tooltrio.com/blog/net-worth-guide-how-to-calculate-and-grow-your-wealth","true","false","false","true","tooltrio Team","1","0","5","0","0","https://tooltrio.com/blog/net-worth-guide-how-to-calculate-and-grow-your-wealth/opengraph-image","false","false","false","PASS"
"index-fund-guide-beginners-2026","https://tooltrio.com/blog/index-fund-guide-beginners-2026","Index Fund Guide India 2026: Why Nifty 50 Beats 90% of Fund Managers","Investment Guides","https://tooltrio.com/blog/category/investment","2026-03-01","","938","false","Index Fund Guide India 2026: Why Nifty 50 Beats 90% of Fund Managers","68","SPIVA study: 90% of Indian active funds underperform Nifty 50 over 10 years. Index funds charge 0.1-0.2% vs 1.5-2% active fund expense ratio.","141","https://tooltrio.com/blog/index-fund-guide-beginners-2026","true","false","false","true","tooltrio Team","1","0","5","0","0","https://tooltrio.com/blog/index-fund-guide-beginners-2026/opengraph-image","false","false","false","PASS"
"401k-vs-roth-ira-complete-guide-2026","https://tooltrio.com/blog/401k-vs-roth-ira-complete-guide-2026","401k vs Roth IRA 2026: Which Makes You Richer at Retirement?","Retirement Planning","https://tooltrio.com/blog/category/retirement","2026-03-03","","923","false","401k vs Roth IRA 2026: Which Retirement Account Makes You Richer?","65","$500/month Roth IRA at 25 = $1.1M tax-free at 65. $500/month 401k = $1.4M but taxed.","84","https://tooltrio.com/blog/401k-vs-roth-ira-complete-guide-2026","true","false","false","true","tooltrio Team","2","0","6","0","0","https://tooltrio.com/blog/401k-vs-roth-ira-complete-guide-2026/opengraph-image","false","false","false","PASS"
"bmi-calculator-guide-understanding-body-mass-index","https://tooltrio.com/blog/bmi-calculator-guide-understanding-body-mass-index","BMI Guide 2026: What Your BMI Actually Means (And What It Misses)","Health & Fitness","https://tooltrio.com/blog/category/health","2026-03-05","","836","false","BMI Calculator Guide 2026: What Your BMI Really Means & Limitations","67","BMI 25 can be healthy or risky depending on body composition.","61","https://tooltrio.com/blog/bmi-calculator-guide-understanding-body-mass-index","true","false","false","true","tooltrio Team","4","0","8","0","0","https://tooltrio.com/blog/bmi-calculator-guide-understanding-body-mass-index/opengraph-image","false","false","false","PASS"
"calorie-calculator-guide-tdee-macros-weight-loss","https://tooltrio.com/blog/calorie-calculator-guide-tdee-macros-weight-loss","Calorie Calculator Guide: How to Lose Weight Without Starving","Health & Fitness","https://tooltrio.com/blog/category/health","2026-03-06","","952","false","Calorie Calculator Guide 2026","29","1 kg fat = 7,700 calorie deficit. 500 cal/day deficit = 1 kg lost in 15 days.","77","https://tooltrio.com/blog/calorie-calculator-guide-tdee-macros-weight-loss","true","false","false","true","tooltrio Team","2","0","6","0","0","https://tooltrio.com/blog/calorie-calculator-guide-tdee-macros-weight-loss/opengraph-image","false","false","false","PASS"
"uk-income-tax-guide-paye-national-insurance-take-home-pay-2026","https://tooltrio.com/blog/uk-income-tax-guide-paye-national-insurance-take-home-pay-2026","UK Income Tax Guide 2026: How Much Tax Do You Actually Pay?","Tax Guides","https://tooltrio.com/blog/category/tax","2026-03-08","","837","false","UK Income Tax Guide 2026","24","On £50,000 UK salary, take-home pay is £37,010.","47","https://tooltrio.com/blog/uk-income-tax-guide-paye-national-insurance-take-home-pay-2026","true","false","false","true","tooltrio Team","2","0","6","0","0","https://tooltrio.com/blog/uk-income-tax-guide-paye-national-insurance-take-home-pay-2026/opengraph-image","false","false","false","PASS"
"sip-vs-fd-which-is-better-2026","https://tooltrio.com/blog/sip-vs-fd-which-is-better-2026","SIP vs FD 2026: Which Actually Makes You Richer Over 10 Years?","Investment Guides","https://tooltrio.com/blog/category/investment","2026-02-11","","559","false","SIP vs FD 2026: ₹10,000/Month — Which Makes You More Money?","59","SIP gives ₹22.5 lakh vs FD ₹16.4 lakh on ₹10,000/month for 10 years.","68","https://tooltrio.com/blog/sip-vs-fd-which-is-better-2026","true","false","false","true","tooltrio Team","2","0","5","0","0","https://tooltrio.com/blog/sip-vs-fd-which-is-better-2026/opengraph-image","false","false","false","PASS"
"sip-vs-real-estate-complete-guide-india-2026","https://tooltrio.com/blog/sip-vs-real-estate-complete-guide-india-2026","SIP vs Real Estate India 2026: ₹50 Lakh -- Which Makes You a Crorepati First?","Investment Guides","https://tooltrio.com/blog/category/investment","2026-02-13","","711","false","SIP vs Real Estate India 2026: Which Makes You a Crorepati Faster?","66","₹50 lakh in real estate after all costs: 8% real return. Same in SIP: 12-14%. Plus SIP has liquidity, no EMI, no maintenance.","125","https://tooltrio.com/blog/sip-vs-real-estate-complete-guide-india-2026","true","false","false","true","tooltrio Team","1","0","4","0","0","https://tooltrio.com/blog/sip-vs-real-estate-complete-guide-india-2026/opengraph-image","false","false","false","PASS"
"best-mortgage-calculators-usa-2026","https://tooltrio.com/blog/best-mortgage-calculators-usa-2026","Best Free Mortgage Calculators USA 2026 -- Tested & Compared","Loan & EMI Tips","https://tooltrio.com/blog/category/loans","2026-03-01","","700","false","Best Free Mortgage Calculators USA 2026","39","We tested the best free mortgage calculators in the USA.","56","https://tooltrio.com/blog/best-mortgage-calculators-usa-2026","true","false","false","true","tooltrio Team","3","0","8","0","0","https://tooltrio.com/blog/best-mortgage-calculators-usa-2026/opengraph-image","false","false","false","PASS"
"best-retirement-calculators-usa-2026","https://tooltrio.com/blog/best-retirement-calculators-usa-2026","Best Free Retirement Calculators USA 2026 -- 401k, Roth IRA & FIRE","Retirement Planning","https://tooltrio.com/blog/category/retirement","2026-03-05","","853","false","Best Free Retirement Calculators USA 2026 — 401k, Roth IRA & FIRE","65","Compare the best free retirement calculators for Americans in 2026. 401k with employer match (2026 IRS limits), Roth IRA, FIRE number, and Social Security.","155","https://tooltrio.com/blog/best-retirement-calculators-usa-2026","true","false","false","true","tooltrio Team","8","0","13","0","0","https://tooltrio.com/blog/best-retirement-calculators-usa-2026/opengraph-image","false","false","false","PASS"
"compound-interest-calculator-guide-usa-2026","https://tooltrio.com/blog/compound-interest-calculator-guide-usa-2026","Compound Interest Calculator: Complete USA Guide 2026 (With Real Examples)","Investment Guides","https://tooltrio.com/blog/category/investment","2026-03-10","","829","false","Compound Interest Calculator Guide USA 2026","43","How compound interest works, the exact formula (SEC validated), 30-year growth tables with S&P 500 returns, and how $200/month becomes $289,000.","144","https://tooltrio.com/blog/compound-interest-calculator-guide-usa-2026","true","false","false","true","tooltrio Team","1","0","6","0","0","https://tooltrio.com/blog/compound-interest-calculator-guide-usa-2026/opengraph-image","false","false","false","PASS"
"how-much-mortgage-can-i-afford-usa-2026","https://tooltrio.com/blog/how-much-mortgage-can-i-afford-usa-2026","How Much Mortgage Can I Afford in 2026? The Real Answer for Every US State","Loan & EMI Tips","https://tooltrio.com/blog/category/loans","2026-03-01","","611","false","How Much Mortgage Can I Afford in 2026? By Salary & State","57","On $80K salary: Texas = afford $310K home, California = $285K. See the 28/36 rule applied to every income level and US state.","125","https://tooltrio.com/blog/how-much-mortgage-can-i-afford-usa-2026","true","false","false","true","tooltrio Team","5","0","9","0","0","https://tooltrio.com/blog/how-much-mortgage-can-i-afford-usa-2026/opengraph-image","false","false","false","PASS"
"how-to-pay-off-mortgage-early-usa-2026","https://tooltrio.com/blog/how-to-pay-off-mortgage-early-usa-2026","How to Pay Off Your Mortgage Early: 7 Strategies That Actually Work (2026)","Loan & EMI Tips","https://tooltrio.com/blog/category/loans","2026-03-05","","613","false","How to Pay Off Mortgage Early in 2026: 7 Proven Strategies","58","+$200/month on a $320K mortgage at 7% saves $67,000 and pays off 6 years early. Compare biweekly, lump sum, and refinance strategies with free calculators.","155","https://tooltrio.com/blog/how-to-pay-off-mortgage-early-usa-2026","true","false","false","true","tooltrio Team","4","0","8","0","0","https://tooltrio.com/blog/how-to-pay-off-mortgage-early-usa-2026/opengraph-image","false","false","false","PASS"
"car-loan-calculator-usa-2026-rates-by-state","https://tooltrio.com/blog/car-loan-calculator-usa-2026-rates-by-state","Auto Loan Calculator USA 2026: Real Rates by State, Credit Score & Lender Type","Loan & EMI Tips","https://tooltrio.com/blog/category/loans","2026-03-08","","550","false","Auto Loan Calculator USA 2026: Rates by Credit Score & State","60","Average car loan $42K at 7.1% APR/69 months. See rates by credit score (5%-21%), by state, and compare dealer vs bank vs credit union financing.","144","https://tooltrio.com/blog/car-loan-calculator-usa-2026-rates-by-state","true","false","false","true","tooltrio Team","3","0","7","0","0","https://tooltrio.com/blog/car-loan-calculator-usa-2026-rates-by-state/opengraph-image","false","false","false","PASS"
"tax-bracket-guide-usa-2026-marginal-vs-effective","https://tooltrio.com/blog/tax-bracket-guide-usa-2026-marginal-vs-effective","2026 Federal Tax Brackets: Marginal Rate vs Effective Rate (With Real Examples)","Tax Guides","https://tooltrio.com/blog/category/tax","2026-03-10","","518","false","2026 Federal Tax Brackets Explained: Marginal vs Effective Rate","63","Being in the 22% bracket does NOT mean you pay 22% of income in taxes.","70","https://tooltrio.com/blog/tax-bracket-guide-usa-2026-marginal-vs-effective","true","false","false","true","tooltrio Team","3","0","7","0","0","https://tooltrio.com/blog/tax-bracket-guide-usa-2026-marginal-vs-effective/opengraph-image","false","false","false","PASS"
"how-much-to-save-for-retirement-by-age-usa","https://tooltrio.com/blog/how-much-to-save-for-retirement-by-age-usa","How Much Should You Have Saved for Retirement by Age? (2026 USA Benchmarks)","Retirement Planning","https://tooltrio.com/blog/category/retirement","2026-03-12","","493","false","Retirement Savings by Age 2026","30","Fidelity says 3x salary by 40. But on $60K salary, that\","56","https://tooltrio.com/blog/how-much-to-save-for-retirement-by-age-usa","true","false","false","true","tooltrio Team","4","0","8","0","0","https://tooltrio.com/blog/how-much-to-save-for-retirement-by-age-usa/opengraph-image","false","false","false","PASS"
"budget-50-30-20-rule-usa-real-examples-2026","https://tooltrio.com/blog/budget-50-30-20-rule-usa-real-examples-2026","The 50/30/20 Budget Rule for Americans: Real Examples at Every Income Level (2026)","Personal Finance 101","https://tooltrio.com/blog/category/personal-finance","2026-03-15","","488","false","50/30/20 Budget Rule USA 2026: Real Examples for Every Salary Level","67","On $60K salary (Texas): $2,000 housing, $1,200 wants, $810 savings. See 50/30/20 budget examples for $40K-$200K income. Free budget planner calculator included.","160","https://tooltrio.com/blog/budget-50-30-20-rule-usa-real-examples-2026","true","false","false","true","tooltrio Team","3","0","7","0","0","https://tooltrio.com/blog/budget-50-30-20-rule-usa-real-examples-2026/opengraph-image","false","false","false","PASS"
"annual-salary-by-hourly-rate-usa-2026","https://tooltrio.com/blog/annual-salary-by-hourly-rate-usa-2026","$25 an Hour is How Much a Year? Complete USA Salary Guide 2026","Personal Finance 101","https://tooltrio.com/blog/category/personal-finance","2026-03-18","","548","false","$25 an Hour is How Much a Year in 2026? USA Salary Guide","56","$25/hr = $52,000/year gross = $41,600 estimated after-tax take-home. See every common hourly rate converted to annual salary with take-home estimate.","149","https://tooltrio.com/blog/annual-salary-by-hourly-rate-usa-2026","true","false","false","true","tooltrio Team","3","0","7","0","0","https://tooltrio.com/blog/annual-salary-by-hourly-rate-usa-2026/opengraph-image","false","false","false","PASS"
"down-payment-how-much-house-usa-2026","https://tooltrio.com/blog/down-payment-how-much-house-usa-2026","How Much Down Payment Do You Need to Buy a House in 2026? (US Guide)","Loan & EMI Tips","https://tooltrio.com/blog/category/loans","2026-03-20","","495","false","Down Payment Guide USA 2026: How Much Do You Need?","50","FHA: 3.5% down. Conventional: as low as 3%. VA/USDA: 0%. Compare PMI costs, monthly payments, and break-even for 5%, 10%, and 20% down on any home price.","153","https://tooltrio.com/blog/down-payment-how-much-house-usa-2026","true","false","false","true","tooltrio Team","3","0","7","0","0","https://tooltrio.com/blog/down-payment-how-much-house-usa-2026/opengraph-image","false","false","false","PASS"
"roth-ira-vs-401k-which-is-better-2026","https://tooltrio.com/blog/roth-ira-vs-401k-which-is-better-2026","Roth IRA vs 401k: Which is Better for Your Tax Situation in 2026?","Retirement Planning","https://tooltrio.com/blog/category/retirement","2026-03-22","","477","false","Roth IRA vs 401k: Which is Better in 2026?","42","22% bracket now + expecting 24% at retirement = Roth IRA wins. 32% bracket now + expecting 22% at retirement = 401k wins.","121","https://tooltrio.com/blog/roth-ira-vs-401k-which-is-better-2026","true","false","false","true","tooltrio Team","3","0","7","0","0","https://tooltrio.com/blog/roth-ira-vs-401k-which-is-better-2026/opengraph-image","false","false","false","PASS"
"wealth-building-guide-usa-2026-net-worth-by-age","https://tooltrio.com/blog/wealth-building-guide-usa-2026-net-worth-by-age","How to Build Wealth in America in 2026: The Complete Guide by Age Group","Personal Finance 101","https://tooltrio.com/blog/category/personal-finance","2026-03-22","","603","false","How to Build Wealth in America 2026: Net Worth Guide by Age","59","Median 35-year-old: $135K net worth. Top 25%: $590K. See exactly what separates them and specific steps to build wealth at every income level in 2026.","150","https://tooltrio.com/blog/wealth-building-guide-usa-2026-net-worth-by-age","true","false","false","true","tooltrio Team","3","0","7","0","0","https://tooltrio.com/blog/wealth-building-guide-usa-2026-net-worth-by-age/opengraph-image","false","false","false","PASS"
"how-to-maximize-401k-usa-2026","https://tooltrio.com/blog/how-to-maximize-401k-usa-2026","How to Maximize Your 401k in 2026: Contribution Limits, Match Strategies & Roth vs Traditional","Retirement Planning","https://tooltrio.com/blog/category/retirement","2026-03-22","","620","false","How to Maximize Your 401k in 2026: Limits, Match & Strategy","59","2026 401k limit: $23,500 ($31,000 if 50+). Employer match is a guaranteed 50-100% return.","89","https://tooltrio.com/blog/how-to-maximize-401k-usa-2026","true","false","false","true","tooltrio Team","3","0","7","0","0","https://tooltrio.com/blog/how-to-maximize-401k-usa-2026/opengraph-image","false","false","false","PASS"
"debt-payoff-guide-usa-2026","https://tooltrio.com/blog/debt-payoff-guide-usa-2026","How to Pay Off Debt Fast in 2026: Avalanche vs Snowball + Real Savings Calculator","Personal Finance 101","https://tooltrio.com/blog/category/personal-finance","2026-03-22","","494","false","Debt Payoff Guide USA 2026: Avalanche vs Snowball Method + Calculator","69","Avalanche method saves more money. Snowball method keeps more people on track. See real savings comparison for credit card debt, student loans, and car loans.","158","https://tooltrio.com/blog/debt-payoff-guide-usa-2026","true","false","false","true","tooltrio Team","4","0","8","0","0","https://tooltrio.com/blog/debt-payoff-guide-usa-2026/opengraph-image","false","false","false","PASS"
"college-cost-savings-guide-usa-2026","https://tooltrio.com/blog/college-cost-savings-guide-usa-2026","How Much Does College Cost in 2026? The Complete Savings Guide by State","Personal Finance 101","https://tooltrio.com/blog/category/personal-finance","2026-03-22","","549","false","College Cost Guide USA 2026: How Much to Save & Best 529 Strategy","65","4-year public university: $111K total. Private: $237K. Starting a 529 at birth needs just $350/month for public university.","123","https://tooltrio.com/blog/college-cost-savings-guide-usa-2026","true","false","false","true","tooltrio Team","3","0","7","0","0","https://tooltrio.com/blog/college-cost-savings-guide-usa-2026/opengraph-image","false","false","false","PASS"
"small-business-finance-guide-usa-2026","https://tooltrio.com/blog/small-business-finance-guide-usa-2026","Small Business Finance Guide USA 2026: Break-Even, SBA Loans & Cash Flow","Personal Finance 101","https://tooltrio.com/blog/category/personal-finance","2026-03-22","","533","false","Small Business Finance Guide USA 2026","37","82% of small business failures cite cash flow problems. Complete guide: SBA loan rates 2026, break-even analysis, business budgeting, and cash flow management.","159","https://tooltrio.com/blog/small-business-finance-guide-usa-2026","true","false","false","true","tooltrio Team","3","0","7","0","0","https://tooltrio.com/blog/small-business-finance-guide-usa-2026/opengraph-image","false","false","false","PASS"
"emergency-fund-calculator-usa-2026","https://tooltrio.com/blog/emergency-fund-calculator-usa-2026","How Much Emergency Fund Do You Need in 2026? The USA Guide by Income & City","Personal Finance 101","https://tooltrio.com/blog/category/personal-finance","2026-03-23","","376","false","Emergency Fund Calculator USA 2026: How Much Do You Need?","57","3-6 months of expenses is the rule. On $5K/month expenses = $15K-$30K target. See the right amount by job type, family size, and city cost of living.","149","https://tooltrio.com/blog/emergency-fund-calculator-usa-2026","true","false","false","true","tooltrio Team","4","0","8","0","0","https://tooltrio.com/blog/emergency-fund-calculator-usa-2026/opengraph-image","false","false","false","PASS"
"compound-interest-guide-usa-how-to-grow-money-2026","https://tooltrio.com/blog/compound-interest-guide-usa-how-to-grow-money-2026","$500/Month at 7% for 30 Years = $567,000: The Power of Compound Interest USA","Investment Guides","https://tooltrio.com/blog/category/investment","2026-03-23","","438","false","Compound Interest Guide USA 2026: $500/Month for 30 Years","57","$500/month at 7% for 30 years = $567,000 total ($180K contributed + $387K growth).","82","https://tooltrio.com/blog/compound-interest-guide-usa-how-to-grow-money-2026","true","false","false","true","tooltrio Team","4","0","8","0","0","https://tooltrio.com/blog/compound-interest-guide-usa-how-to-grow-money-2026/opengraph-image","false","false","false","PASS"
"social-security-claiming-strategy-usa-2026","https://tooltrio.com/blog/social-security-claiming-strategy-usa-2026","When to Claim Social Security in 2026: Age 62 vs 67 vs 70 -- The Real Math","Retirement Planning","https://tooltrio.com/blog/category/retirement","2026-03-23","","480","false","Social Security Claiming Strategy 2026: Age 62 vs 67 vs 70","58","Age 62: $1,500/mo. Age 67: $2,000/mo. Age 70: $2,640/mo. Break-even at age 79.5. If you live past 80, waiting pays more. Complete SS claiming strategy guide.","157","https://tooltrio.com/blog/social-security-claiming-strategy-usa-2026","true","false","false","true","tooltrio Team","2","0","6","0","0","https://tooltrio.com/blog/social-security-claiming-strategy-usa-2026/opengraph-image","false","false","false","PASS"
"credit-card-payoff-calculator-usa-interest-guide-2026","https://tooltrio.com/blog/credit-card-payoff-calculator-usa-interest-guide-2026","Credit Card Interest: How Much Are You Really Paying? (USA 2026 Calculator Guide)","Personal Finance 101","https://tooltrio.com/blog/category/personal-finance","2026-03-23","","393","false","Credit Card Payoff Calculator USA 2026: Real Cost of Minimum Payments","69","$5,000 credit card debt at 24.9% APR: minimum payments take 23 years, cost $8,200 in interest. See how to pay it off in 12 months and the exact strategy.","153","https://tooltrio.com/blog/credit-card-payoff-calculator-usa-interest-guide-2026","true","false","false","true","tooltrio Team","3","0","7","0","0","https://tooltrio.com/blog/credit-card-payoff-calculator-usa-interest-guide-2026/opengraph-image","false","false","false","PASS"
"home-equity-heloc-vs-cashout-refinance-usa-2026","https://tooltrio.com/blog/home-equity-heloc-vs-cashout-refinance-usa-2026","HELOC vs Cash-Out Refinance USA 2026: Which Costs Less?","Loan & EMI Tips","https://tooltrio.com/blog/category/loans","2026-03-23","","418","false","HELOC vs Cash-Out Refinance 2026: Which Costs Less?","51","HELOC: 8.5-9.5% variable. Cash-out refi: 7.2% fixed. For $50K borrowed over 5 years, cash-out refi saves $11K long-term but costs more upfront. Full comparison.","160","https://tooltrio.com/blog/home-equity-heloc-vs-cashout-refinance-usa-2026","true","false","false","true","tooltrio Team","4","0","8","0","0","https://tooltrio.com/blog/home-equity-heloc-vs-cashout-refinance-usa-2026/opengraph-image","false","false","false","PASS"
"investment-property-calculator-usa-rental-income-2026","https://tooltrio.com/blog/investment-property-calculator-usa-rental-income-2026","Investment Property Calculator USA 2026: Real Numbers on Rental Income & ROI","Investment Guides","https://tooltrio.com/blog/category/investment","2026-03-23","","386","false","Investment Property Calculator USA 2026: Cap Rate & Cash Flow Guide","67","Average US cap rate 2026: 5.8%. $350K rental property = $20,300/year gross. After mortgage, vacancy, repairs: actual cash flow is often $0-$500/month.","150","https://tooltrio.com/blog/investment-property-calculator-usa-rental-income-2026","true","false","false","true","tooltrio Team","3","0","7","0","0","https://tooltrio.com/blog/investment-property-calculator-usa-rental-income-2026/opengraph-image","false","false","false","PASS"
"student-loan-payoff-strategies-usa-2026","https://tooltrio.com/blog/student-loan-payoff-strategies-usa-2026","Student Loan Payoff Calculator USA 2026: IBR, SAVE Plan & Forgiveness vs Pay Off","Loan & EMI Tips","https://tooltrio.com/blog/category/loans","2026-03-23","","447","false","Student Loan Payoff Calculator USA 2026: SAVE Plan vs Pay Off Fast","66","Average loan $37,584. Standard Plan: $427/mo, 10 years. SAVE Plan might be better if pursuing PSLF. See which strategy saves more with free calculator.","151","https://tooltrio.com/blog/student-loan-payoff-strategies-usa-2026","true","false","false","true","tooltrio Team","4","0","8","0","0","https://tooltrio.com/blog/student-loan-payoff-strategies-usa-2026/opengraph-image","false","false","false","PASS"
"dividend-investing-guide-usa-2026-passive-income","https://tooltrio.com/blog/dividend-investing-guide-usa-2026-passive-income","Dividend Investing Guide USA 2026: How to Build $3,000/Month Passive Income","Investment Guides","https://tooltrio.com/blog/category/investment","2026-03-23","","447","false","Dividend Investing Guide USA 2026: Build $3,000/Month Passive Income","68","Need $900K at 4% yield for $3,000/month dividends. See realistic timelines at different savings rates, best dividend stocks, and the DRIP reinvestment strategy.","160","https://tooltrio.com/blog/dividend-investing-guide-usa-2026-passive-income","true","false","false","true","tooltrio Team","3","0","7","0","0","https://tooltrio.com/blog/dividend-investing-guide-usa-2026-passive-income/opengraph-image","false","false","false","PASS"
"inflation-impact-calculator-usa-2026-purchasing-power","https://tooltrio.com/blog/inflation-impact-calculator-usa-2026-purchasing-power","How Inflation Destroys Savings: $100,000 in Cash Loses $35,000 in 10 Years","Personal Finance 101","https://tooltrio.com/blog/category/personal-finance","2026-03-23","","416","false","Inflation Calculator USA 2026","29","$100K in savings account at 0.5% with 3.5% inflation: loses $35K in purchasing power over 10 years. See how to protect your money from inflation in 2026.","153","https://tooltrio.com/blog/inflation-impact-calculator-usa-2026-purchasing-power","true","false","false","true","tooltrio Team","3","0","7","0","0","https://tooltrio.com/blog/inflation-impact-calculator-usa-2026-purchasing-power/opengraph-image","false","false","false","PASS"
"lease-vs-buy-car-calculator-usa-2026","https://tooltrio.com/blog/lease-vs-buy-car-calculator-usa-2026","Should I Lease or Buy a Car in 2026? The Real Math by Credit Score & Monthly Budget","Loan & EMI Tips","https://tooltrio.com/blog/category/loans","2026-03-23","","390","false","Lease vs Buy Car Calculator USA 2026: Which Costs Less?","55","Lease $40K car/36mo: $12,600 spent, own nothing. Buy: $18,000 payments, asset worth $25,000. See full cost comparison by credit score and monthly budget.","153","https://tooltrio.com/blog/lease-vs-buy-car-calculator-usa-2026","true","false","false","true","tooltrio Team","3","0","7","0","0","https://tooltrio.com/blog/lease-vs-buy-car-calculator-usa-2026/opengraph-image","false","false","false","PASS"
"fire-calculator-guide-usa-retire-early-2026","https://tooltrio.com/blog/fire-calculator-guide-usa-retire-early-2026","FIRE Calculator USA 2026: Exactly How Much You Need to Retire Early at Any Age","Retirement Planning","https://tooltrio.com/blog/category/retirement","2026-03-23","","407","false","FIRE Calculator USA 2026: How Much to Retire Early?","51","Retire at 45 on $60K/year: need $1.5M (4% rule). See exact savings rate needed to FIRE at 35, 40, 45, 50. Includes lean FIRE, fat FIRE, barista FIRE comparison.","160","https://tooltrio.com/blog/fire-calculator-guide-usa-retire-early-2026","true","false","false","true","tooltrio Team","4","0","8","0","0","https://tooltrio.com/blog/fire-calculator-guide-usa-retire-early-2026/opengraph-image","false","false","false","PASS"
"net-worth-by-age-usa-2026-how-do-you-compare","https://tooltrio.com/blog/net-worth-by-age-usa-2026-how-do-you-compare","Net Worth by Age USA 2026: Where Do You Stand? (Federal Reserve Data)","Personal Finance 101","https://tooltrio.com/blog/category/personal-finance","2026-03-23","","421","false","Net Worth by Age USA 2026: How Do You Compare? Federal Reserve Data","67","Median net worth at 35: $135K. At 45: $247K. At 55: $364K. See the full distribution by age and percentile, plus specific steps to move from median to top 25%.","159","https://tooltrio.com/blog/net-worth-by-age-usa-2026-how-do-you-compare","true","false","false","true","tooltrio Team","6","0","10","0","0","https://tooltrio.com/blog/net-worth-by-age-usa-2026-how-do-you-compare/opengraph-image","false","false","false","PASS"
"hsa-triple-tax-advantage-guide-usa-2026","https://tooltrio.com/blog/hsa-triple-tax-advantage-guide-usa-2026","HSA: The Best Retirement Account You\","Retirement Planning","https://tooltrio.com/blog/category/retirement","2026-03-23","","404","false","HSA Guide USA 2026: Triple Tax Advantage & Contribution Limits","62","HSA 2026 limits: $4,300 individual, $8,550 family. Triple tax advantage: pre-tax in, tax-free growth, tax-free out for medical.","127","https://tooltrio.com/blog/hsa-triple-tax-advantage-guide-usa-2026","true","false","false","true","tooltrio Team","3","0","7","0","0","https://tooltrio.com/blog/hsa-triple-tax-advantage-guide-usa-2026/opengraph-image","false","false","false","PASS"
"real-estate-vs-stock-market-usa-2026-which-wins","https://tooltrio.com/blog/real-estate-vs-stock-market-usa-2026-which-wins","Real Estate vs Stock Market USA 2026: 20-Year Historical Returns Compared","Investment Guides","https://tooltrio.com/blog/category/investment","2026-03-23","","467","false","Real Estate vs Stock Market USA 2026: Which Investment Wins?","60","S&P 500: 10.5%/year nominal. Real estate: 4.2% appreciation + 5-8% rental yield with leverage. Full 20-year comparison with actual numbers and free calculator.","159","https://tooltrio.com/blog/real-estate-vs-stock-market-usa-2026-which-wins","true","false","false","true","tooltrio Team","2","0","6","0","0","https://tooltrio.com/blog/real-estate-vs-stock-market-usa-2026-which-wins/opengraph-image","false","false","false","PASS"
"bmr-calculator-guide-basal-metabolic-rate-explained","https://tooltrio.com/blog/bmr-calculator-guide-basal-metabolic-rate-explained","BMR Calculator Guide - What is Basal Metabolic Rate and How to Use It","Health & Fitness","https://tooltrio.com/blog/category/health","2026-03-05","","942","false","BMR Calculator Guide 2026 - Basal Metabolic Rate Formula and Uses","65","Complete BMR guide - what is basal metabolic rate, Mifflin-St Jeor vs Harris-Benedict formula, factors affecting BMR, and how to use BMR to set calorie goals.","158","https://tooltrio.com/blog/bmr-calculator-guide-basal-metabolic-rate-explained","true","false","false","true","tooltrio Team","0","0","6","0","2","https://tooltrio.com/blog/bmr-calculator-guide-basal-metabolic-rate-explained/opengraph-image","false","false","false","PASS"
"fd-vs-rd-vs-sip-best-investment-for-2026","https://tooltrio.com/blog/fd-vs-rd-vs-sip-best-investment-for-2026","FD vs RD vs SIP - Which is the Best Investment Option in 2026?","Investment Guides","https://tooltrio.com/blog/category/investment","2026-01-15","","809","false","FD vs RD vs SIP 2026","20","Compare FD, RD, and SIP investments in 2026 - returns, risk, liquidity, tax efficiency, and which suits different financial goals and risk profiles.","148","https://tooltrio.com/blog/fd-vs-rd-vs-sip-best-investment-for-2026","true","false","false","true","tooltrio Team","0","0","6","0","3","https://tooltrio.com/blog/fd-vs-rd-vs-sip-best-investment-for-2026/opengraph-image","false","false","false","PASS"
"swp-vs-annuity-best-retirement-income-strategy","https://tooltrio.com/blog/swp-vs-annuity-best-retirement-income-strategy","SWP vs Annuity - Best Strategy for Retirement Income in 2026","Retirement Planning","https://tooltrio.com/blog/category/retirement","2026-01-20","","654","false","SWP vs Annuity 2026 - Best Retirement Income Strategy Compared","62","Compare SWP and annuity for retirement income - returns, corpus preservation, inflation protection, flexibility.","112","https://tooltrio.com/blog/swp-vs-annuity-best-retirement-income-strategy","true","false","false","true","tooltrio Team","0","0","6","0","3","https://tooltrio.com/blog/swp-vs-annuity-best-retirement-income-strategy/opengraph-image","false","false","false","PASS"
"water-intake-sleep-protein-complete-health-optimizer","https://tooltrio.com/blog/water-intake-sleep-protein-complete-health-optimizer","Water, Sleep & Protein: The 3 Pillars of Health Optimization in 2026","Health & Fitness","https://tooltrio.com/blog/category/health","2026-01-25","","1024","false","Water, Sleep & Protein Guide 2026 - Science-Based Health Optimization","69","Science-based guide to optimizing water intake, sleep quality, and protein consumption. Includes daily targets, calculators, and practical implementation tips.","159","https://tooltrio.com/blog/water-intake-sleep-protein-complete-health-optimizer","true","false","false","true","tooltrio Team","0","0","6","0","2","https://tooltrio.com/blog/water-intake-sleep-protein-complete-health-optimizer/opengraph-image","false","false","false","PASS"
"mortgage-calculator-guide-how-to-buy-a-home-usa","https://tooltrio.com/blog/mortgage-calculator-guide-how-to-buy-a-home-usa","Mortgage Calculator Guide 2026 - How to Finance a Home in the USA","Loan & EMI Tips","https://tooltrio.com/blog/category/loans","2026-02-10","","1071","false","Mortgage Calculator Guide 2026","30","Complete US mortgage guide: how to calculate monthly payments, compare 15 vs 30-year loans, understand PMI, FHA vs conventional loans, and when to refinance.","157","https://tooltrio.com/blog/mortgage-calculator-guide-how-to-buy-a-home-usa","true","false","false","true","tooltrio Team","0","0","6","0","2","https://tooltrio.com/blog/mortgage-calculator-guide-how-to-buy-a-home-usa/opengraph-image","false","false","false","PASS"
"inflation-guide-how-to-protect-wealth-usa","https://tooltrio.com/blog/inflation-guide-how-to-protect-wealth-usa","Inflation Guide 2026 - How Inflation Erodes Wealth and How to Fight It","Investment Guides","https://tooltrio.com/blog/category/investment","2026-02-20","","1001","false","Inflation Guide 2026 USA","24","Complete guide to US inflation: how CPI is measured, how inflation destroys savings, real return calculations.","110","https://tooltrio.com/blog/inflation-guide-how-to-protect-wealth-usa","true","false","false","true","tooltrio Team","0","0","6","0","2","https://tooltrio.com/blog/inflation-guide-how-to-protect-wealth-usa/opengraph-image","false","false","false","PASS"
"auto-loan-calculator-guide-car-financing-usa","https://tooltrio.com/blog/auto-loan-calculator-guide-car-financing-usa","Auto Loan Calculator Guide - Car Financing, Leasing & True Cost of Ownership USA","Loan & EMI Tips","https://tooltrio.com/blog/category/loans","2026-03-01","","981","false","Auto Loan Calculator Guide 2026","31","Complete US auto loan guide: how to calculate monthly car payments, compare APR rates, lease vs buy analysis, total cost of ownership.","134","https://tooltrio.com/blog/auto-loan-calculator-guide-car-financing-usa","true","false","false","true","tooltrio Team","0","0","6","0","2","https://tooltrio.com/blog/auto-loan-calculator-guide-car-financing-usa/opengraph-image","false","false","false","PASS"
"savings-goal-guide-emergency-fund-down-payment-usa","https://tooltrio.com/blog/savings-goal-guide-emergency-fund-down-payment-usa","Savings Goal Guide - Emergency Fund, Down Payment & Financial Goals USA 2026","Personal Finance 101","https://tooltrio.com/blog/category/personal-finance","2026-03-05","","949","false","Savings Goal Calculator Guide 2026","34","Complete guide to setting and reaching savings goals in the USA: emergency fund calculator, house down payment savings, college fund (529), retirement targets.","159","https://tooltrio.com/blog/savings-goal-guide-emergency-fund-down-payment-usa","true","false","false","true","tooltrio Team","0","0","6","0","2","https://tooltrio.com/blog/savings-goal-guide-emergency-fund-down-payment-usa/opengraph-image","false","false","false","PASS"
"investment-return-guide-cagr-roi-roi-calculator-usa","https://tooltrio.com/blog/investment-return-guide-cagr-roi-roi-calculator-usa","Investment Return Guide - CAGR, ROI & How to Measure Your Portfolio Performance","Investment Guides","https://tooltrio.com/blog/category/investment","2026-03-08","","924","false","Investment Return Calculator Guide","34","How to measure investment returns with CAGR, ROI, and XIRR. S&P 500 historical CAGR data, benchmarking your portfolio, fee impact calculator.","141","https://tooltrio.com/blog/investment-return-guide-cagr-roi-roi-calculator-usa","true","false","false","true","tooltrio Team","0","0","6","0","2","https://tooltrio.com/blog/investment-return-guide-cagr-roi-roi-calculator-usa/opengraph-image","false","false","false","PASS"
"body-fat-ideal-weight-fitness-calculator-guide","https://tooltrio.com/blog/body-fat-ideal-weight-fitness-calculator-guide","Body Fat & Ideal Weight Guide - What the Numbers Actually Mean for Your Health","Health & Fitness","https://tooltrio.com/blog/category/health","2026-03-10","","949","false","Body Fat & Ideal Weight Calculator Guide 2026","45","Complete guide to body fat percentage (US Navy method), ideal body weight formulas (Hamwi, Devine, Robinson, Miller).","117","https://tooltrio.com/blog/body-fat-ideal-weight-fitness-calculator-guide","true","false","false","true","tooltrio Team","0","0","6","0","2","https://tooltrio.com/blog/body-fat-ideal-weight-fitness-calculator-guide/opengraph-image","false","false","false","PASS"
"vat-calculator-europe-guide-uk-germany-france-eu-rates","https://tooltrio.com/blog/vat-calculator-europe-guide-uk-germany-france-eu-rates","VAT Calculator Europe: UK, Germany, France and All EU VAT Rates Explained (2026)","Tax Guides","https://tooltrio.com/blog/category/tax","2026-02-10","","1026","false","VAT Calculator Europe 2026","26","Complete European VAT guide: standard and reduced rates for all EU countries, how to add/remove VAT, UK VAT registration thresholds, reverse charge.","148","https://tooltrio.com/blog/vat-calculator-europe-guide-uk-germany-france-eu-rates","true","false","false","true","tooltrio Team","0","0","6","0","2","https://tooltrio.com/blog/vat-calculator-europe-guide-uk-germany-france-eu-rates/opengraph-image","false","false","false","PASS"
"uk-stamp-duty-guide-sdlt-first-time-buyer-buy-to-let-2026","https://tooltrio.com/blog/uk-stamp-duty-guide-sdlt-first-time-buyer-buy-to-let-2026","UK Stamp Duty Guide 2026: SDLT for First-Time Buyers, Standard Purchases and Buy-to-Let","Property Guides","https://tooltrio.com/blog/category/property","2026-02-12","","899","false","UK Stamp Duty Calculator Guide 2026","35","Complete UK Stamp Duty guide for 2026: SDLT bands, first-time buyer relief up to £425k, buy-to-let 3% surcharge, Scotland LBTT and Wales LTT differences.","153","https://tooltrio.com/blog/uk-stamp-duty-guide-sdlt-first-time-buyer-buy-to-let-2026","true","false","false","true","tooltrio Team","0","0","6","0","2","https://tooltrio.com/blog/uk-stamp-duty-guide-sdlt-first-time-buyer-buy-to-let-2026/opengraph-image","false","false","false","PASS"
"european-mortgage-guide-uk-germany-france-netherlands-2026","https://tooltrio.com/blog/european-mortgage-guide-uk-germany-france-netherlands-2026","European Mortgage Guide 2026: Compare UK, German, French and Dutch Home Loans","Property Guides","https://tooltrio.com/blog/category/property","2026-02-14","","1017","false","European Mortgage Guide 2026","28","Compare mortgages across Europe: UK fixed-rate deals, German 10-year fixes, French full-term loans, Dutch mortgages.","116","https://tooltrio.com/blog/european-mortgage-guide-uk-germany-france-netherlands-2026","true","false","false","true","tooltrio Team","0","0","6","0","2","https://tooltrio.com/blog/european-mortgage-guide-uk-germany-france-netherlands-2026/opengraph-image","false","false","false","PASS"
"isa-guide-uk-stocks-shares-cash-lifetime-isa-2026","https://tooltrio.com/blog/isa-guide-uk-stocks-shares-cash-lifetime-isa-2026","ISA Guide UK 2026: Stocks and Shares ISA, Cash ISA and Lifetime ISA - Which Is Best?","Investment Guides","https://tooltrio.com/blog/category/investment","2026-02-16","","957","false","ISA Guide UK 2026","17","Complete UK ISA guide: £20, 000 allowance for 2026/27, LISA 25% bonus, best S&S ISA platforms, Cash ISA rates, how ISA compares to pension.","139","https://tooltrio.com/blog/isa-guide-uk-stocks-shares-cash-lifetime-isa-2026","true","false","false","true","tooltrio Team","0","0","6","0","2","https://tooltrio.com/blog/isa-guide-uk-stocks-shares-cash-lifetime-isa-2026/opengraph-image","false","false","false","PASS"
"uk-pension-guide-auto-enrolment-state-pension-drawdown-2026","https://tooltrio.com/blog/uk-pension-guide-auto-enrolment-state-pension-drawdown-2026","UK Pension Guide 2026: Auto-Enrolment, State Pension, Drawdown and How to Maximise Your Retirement","Retirement Planning","https://tooltrio.com/blog/category/retirement","2026-02-18","","1047","false","UK Pension Guide 2026","21","Complete UK pension guide: auto-enrolment minimums, £60k Annual Allowance, State Pension triple lock, drawdown vs annuity, salary sacrifice NI savings.","151","https://tooltrio.com/blog/uk-pension-guide-auto-enrolment-state-pension-drawdown-2026","true","false","false","true","tooltrio Team","0","0","6","0","2","https://tooltrio.com/blog/uk-pension-guide-auto-enrolment-state-pension-drawdown-2026/opengraph-image","false","false","false","PASS"
"government-bonds-guide-uk-gilts-bunds-oats-yield-2026","https://tooltrio.com/blog/government-bonds-guide-uk-gilts-bunds-oats-yield-2026","Government Bonds Guide 2026: UK Gilts, German Bunds, French OATs and How to Invest","Investment Guides","https://tooltrio.com/blog/category/investment","2026-02-20","","994","false","Government Bonds Guide 2026","27","Complete European government bond guide: UK Gilt yields 2026, German Bund spreads, French OAT vs Bund spread, yield to maturity formula, Macaulay duration.","155","https://tooltrio.com/blog/government-bonds-guide-uk-gilts-bunds-oats-yield-2026","true","false","false","true","tooltrio Team","0","0","6","0","2","https://tooltrio.com/blog/government-bonds-guide-uk-gilts-bunds-oats-yield-2026/opengraph-image","false","false","false","PASS"
"buy-to-let-rental-yield-guide-uk-europe-2026","https://tooltrio.com/blog/buy-to-let-rental-yield-guide-uk-europe-2026","Buy-to-Let Rental Yield Guide 2026: Gross Yield, Net Yield and ROI for UK and European Property","Property Guides","https://tooltrio.com/blog/category/property","2026-02-24","","944","false","Buy-to-Let Rental Yield Guide 2026","34","Complete UK and European rental yield guide: gross vs net yield formula, how Section 24 affects BTL landlords, best UK cities by yield 2026, leveraged ROI.","155","https://tooltrio.com/blog/buy-to-let-rental-yield-guide-uk-europe-2026","true","false","false","true","tooltrio Team","0","0","6","0","2","https://tooltrio.com/blog/buy-to-let-rental-yield-guide-uk-europe-2026/opengraph-image","false","false","false","PASS"
"car-finance-guide-pcp-hp-personal-loan-uk-europe-2026","https://tooltrio.com/blog/car-finance-guide-pcp-hp-personal-loan-uk-europe-2026","Car Finance Guide 2026: PCP vs HP vs Personal Loan - Which Is Cheapest for UK and European Buyers?","Loan & EMI Tips","https://tooltrio.com/blog/category/loans","2026-02-26","","993","false","Car Finance Guide UK 2026","25","Complete UK car finance guide: PCP vs HP vs personal loan comparison, how balloon payments work, true APR cost, FCA regulation changes 2024.","140","https://tooltrio.com/blog/car-finance-guide-pcp-hp-personal-loan-uk-europe-2026","true","false","false","true","tooltrio Team","0","0","6","0","2","https://tooltrio.com/blog/car-finance-guide-pcp-hp-personal-loan-uk-europe-2026/opengraph-image","false","false","false","PASS"
"fire-europe-guide-financial-independence-uk-germany-france-2026","https://tooltrio.com/blog/fire-europe-guide-financial-independence-uk-germany-france-2026","FIRE Europe Guide 2026: Financial Independence in the UK, Germany and France - How Much Do You Need?","Retirement Planning","https://tooltrio.com/blog/category/retirement","2026-02-28","","1268","false","FIRE Europe Guide 2026","22","Complete European FIRE guide: 3.5% SWR vs US 4% rule, UK ISA and pension bridge strategy, German and French state pension reducing FIRE number.","143","https://tooltrio.com/blog/fire-europe-guide-financial-independence-uk-germany-france-2026","true","false","false","true","tooltrio Team","0","0","6","0","2","https://tooltrio.com/blog/fire-europe-guide-financial-independence-uk-germany-france-2026/opengraph-image","false","false","false","PASS"
"sip-vs-nps-retirement-guide-india-2026","https://tooltrio.com/blog/sip-vs-nps-retirement-guide-india-2026","SIP vs NPS: Which Is Better for Retirement in India 2026?","Retirement Planning","https://tooltrio.com/blog/category/retirement","2026-03-03","","1097","false","SIP vs NPS India 2026: Which Retirement Investment Is Better?","61","SIP mutual funds vs NPS (National Pension System) comparison.","61","https://tooltrio.com/blog/sip-vs-nps-retirement-guide-india-2026","true","false","false","true","tooltrio Team","0","0","5","0","3","https://tooltrio.com/blog/sip-vs-nps-retirement-guide-india-2026/opengraph-image","false","false","false","PASS"
"roth-ira-vs-traditional-ira-guide-usa-2026","https://tooltrio.com/blog/roth-ira-vs-traditional-ira-guide-usa-2026","Roth IRA vs Traditional IRA 2026: Complete Guide for US Investors","Retirement Planning","https://tooltrio.com/blog/category/retirement","2026-03-05","","1116","false","Roth IRA vs Traditional IRA 2026: Which IRA Is Better for You?","62","Complete Roth IRA vs Traditional IRA comparison for 2026.","57","https://tooltrio.com/blog/roth-ira-vs-traditional-ira-guide-usa-2026","true","false","false","true","tooltrio Team","0","0","5","0","2","https://tooltrio.com/blog/roth-ira-vs-traditional-ira-guide-usa-2026/opengraph-image","false","false","false","PASS"
"isa-vs-sipp-uk-guide-2026","https://tooltrio.com/blog/isa-vs-sipp-uk-guide-2026","ISA vs SIPP UK 2026: Flexible Access vs Pension Tax Relief - Which Wins?","Retirement Planning","https://tooltrio.com/blog/category/retirement","2026-03-07","","1130","false","ISA vs SIPP UK 2026: Which Is Better for Your Retirement Savings?","65","UK ISA vs SIPP comparison 2026. Tax relief on SIPP vs ISA flexibility.","70","https://tooltrio.com/blog/isa-vs-sipp-uk-guide-2026","true","false","false","true","tooltrio Team","0","0","5","0","3","https://tooltrio.com/blog/isa-vs-sipp-uk-guide-2026/opengraph-image","false","false","false","PASS"
"dca-vs-lump-sum-investing-guide-usa-2026","https://tooltrio.com/blog/dca-vs-lump-sum-investing-guide-usa-2026","Dollar Cost Averaging vs Lump Sum Investing USA 2026: Which Strategy Wins?","Investment Guides","https://tooltrio.com/blog/category/investment","2026-03-09","","1120","false","Dollar Cost Averaging vs Lump Sum Investing 2026","48","DCA vs lump sum S&P 500 investing comparison. Vanguard study shows lump sum beats DCA 68% of time.","98","https://tooltrio.com/blog/dca-vs-lump-sum-investing-guide-usa-2026","true","false","false","true","tooltrio Team","0","0","5","0","2","https://tooltrio.com/blog/dca-vs-lump-sum-investing-guide-usa-2026/opengraph-image","false","false","false","PASS"
"uk-premium-bonds-vs-cash-isa-guide-2026","https://tooltrio.com/blog/uk-premium-bonds-vs-cash-isa-guide-2026","UK Premium Bonds vs Cash ISA 2026: NS&I vs Best ISA Rates Compared","Investment Guides","https://tooltrio.com/blog/category/investment","2026-03-11","","1135","false","UK Premium Bonds vs Cash ISA 2026: Which Is Better for Your Savings?","68","UK Premium Bonds vs Cash ISA 2026 comparison. NS&I 4.4% prize rate vs 5%+ Cash ISA.","83","https://tooltrio.com/blog/uk-premium-bonds-vs-cash-isa-guide-2026","true","false","false","true","tooltrio Team","0","0","5","0","2","https://tooltrio.com/blog/uk-premium-bonds-vs-cash-isa-guide-2026/opengraph-image","false","false","false","PASS"
"uk-fixed-vs-tracker-mortgage-guide-2026","https://tooltrio.com/blog/uk-fixed-vs-tracker-mortgage-guide-2026","UK Fixed Rate vs Tracker Mortgage 2026: Which Saves More Money?","Loan & EMI Tips","https://tooltrio.com/blog/category/loans","2026-03-13","","1131","false","UK Fixed Rate vs Tracker Mortgage 2026: Which Is Better Right Now?","66","UK fixed rate vs tracker mortgage comparison 2026. Bank of England base rate at 4.5% and falling - should you fix now or track?","127","https://tooltrio.com/blog/uk-fixed-vs-tracker-mortgage-guide-2026","true","false","false","true","tooltrio Team","0","0","5","0","2","https://tooltrio.com/blog/uk-fixed-vs-tracker-mortgage-guide-2026/opengraph-image","false","false","false","PASS"
"elss-vs-ppf-best-80c-investment-india-2026","https://tooltrio.com/blog/elss-vs-ppf-best-80c-investment-india-2026","ELSS vs PPF 2026: Best 80C Tax-Saving Investment for Indians","Investment Guides","https://tooltrio.com/blog/category/investment","2026-03-15","","1147","false","ELSS vs PPF India 2026: Which 80C Investment Creates More Wealth?","65","ELSS mutual fund vs PPF for Section 80C tax saving. 3-year lock-in vs 15 years, 12% vs 7.1% returns, LTCG vs EEE - complete comparison with worked examples.","156","https://tooltrio.com/blog/elss-vs-ppf-best-80c-investment-india-2026","true","false","false","true","tooltrio Team","0","0","5","0","2","https://tooltrio.com/blog/elss-vs-ppf-best-80c-investment-india-2026/opengraph-image","false","false","false","PASS"
"msci-world-vs-sp500-european-investors-guide-2026","https://tooltrio.com/blog/msci-world-vs-sp500-european-investors-guide-2026","MSCI World vs S&P 500 for European Investors 2026: IWDA vs VUAA","Investment Guides","https://tooltrio.com/blog/category/investment","2026-03-17","","1172","false","MSCI World vs S&P 500 for European Investors 2026: IWDA vs VUAA Guide","69","Should European investors choose MSCI World (IWDA) or S&P 500 (VUAA/CSPX) ETF?","78","https://tooltrio.com/blog/msci-world-vs-sp500-european-investors-guide-2026","true","false","false","true","tooltrio Team","0","0","5","0","2","https://tooltrio.com/blog/msci-world-vs-sp500-european-investors-guide-2026/opengraph-image","false","false","false","PASS"
"sip-vs-gold-investment-india-2026","https://tooltrio.com/blog/sip-vs-gold-investment-india-2026","SIP vs Gold: Which Grows Your Wealth Faster? India 2026 Guide","Investment Guides","https://tooltrio.com/blog/category/investment","2026-02-05","","1211","false","SIP vs Gold Investment: Which Is Better in India 2026? Complete Guide","69","Should you invest in SIP or gold? Compare mutual fund SIP vs Sovereign Gold Bonds, Gold ETF, and physical gold - returns, tax, and portfolio allocation.","152","https://tooltrio.com/blog/sip-vs-gold-investment-india-2026","true","false","false","true","tooltrio Team","0","0","4","0","3","https://tooltrio.com/blog/sip-vs-gold-investment-india-2026/opengraph-image","false","false","false","PASS"
"sip-vs-ppf-tax-saving-guide-india-2026","https://tooltrio.com/blog/sip-vs-ppf-tax-saving-guide-india-2026","SIP vs PPF: Best Investment for Long-Term Wealth in India 2026","Investment Guides","https://tooltrio.com/blog/category/investment","2026-02-12","","1179","false","SIP vs PPF 2026: Which Builds More Wealth Long-Term in India?","61","Complete SIP vs PPF comparison - returns, EEE tax status, lock-in, liquidity, and which investment strategy creates more post-tax wealth over 15-20 years.","154","https://tooltrio.com/blog/sip-vs-ppf-tax-saving-guide-india-2026","true","false","false","true","tooltrio Team","0","0","4","0","3","https://tooltrio.com/blog/sip-vs-ppf-tax-saving-guide-india-2026/opengraph-image","false","false","false","PASS"
"term-insurance-vs-ulip-vs-endowment-india-2026","https://tooltrio.com/blog/term-insurance-vs-ulip-vs-endowment-india-2026","Term Insurance vs ULIP vs Endowment: Which Life Insurance Wins?","Investment Guides","https://tooltrio.com/blog/category/investment","2026-02-15","","563","false","Term Insurance vs ULIP vs Endowment Plan India 2026","51","Real numbers showing why ""buy term, invest the rest"" beats ULIP and endowment by 3-5x over 20 years. Charges, returns, and how to choose.","137","https://tooltrio.com/blog/term-insurance-vs-ulip-vs-endowment-india-2026","true","false","false","true","tooltrio Team","0","0","4","0","2","https://tooltrio.com/blog/term-insurance-vs-ulip-vs-endowment-india-2026/opengraph-image","false","false","false","PASS"
"epf-vs-nps-vs-ppf-retirement-india-2026","https://tooltrio.com/blog/epf-vs-nps-vs-ppf-retirement-india-2026","EPF vs NPS vs PPF: Complete Retirement Showdown India 2026","Retirement Planning","https://tooltrio.com/blog/category/retirement","2026-02-18","","511","false","EPF vs NPS vs PPF 2026","22","Comprehensive comparison of EPF, NPS, and PPF for Indian retirement planning. Returns, tax benefits, liquidity, and optimal combination strategy.","145","https://tooltrio.com/blog/epf-vs-nps-vs-ppf-retirement-india-2026","true","false","false","true","tooltrio Team","0","0","5","0","3","https://tooltrio.com/blog/epf-vs-nps-vs-ppf-retirement-india-2026/opengraph-image","false","false","false","PASS"
"sp500-vs-bonds-usa-investment-guide-2026","https://tooltrio.com/blog/sp500-vs-bonds-usa-investment-guide-2026","S&P 500 vs Bonds: Historical Returns & Optimal Allocation USA 2026","Investment Guides","https://tooltrio.com/blog/category/investment","2026-02-20","","1265","false","S&P 500 vs Bonds: 2026 Historical Returns & Optimal Allocation Guide","68","S&P 500 vs bond investing guide with 50+ year historical data, 60/40 portfolio analysis, and optimal stock-bond allocation by age and risk tolerance.","149","https://tooltrio.com/blog/sp500-vs-bonds-usa-investment-guide-2026","true","false","false","true","tooltrio Team","0","0","5","0","2","https://tooltrio.com/blog/sp500-vs-bonds-usa-investment-guide-2026/opengraph-image","false","false","false","PASS"
"regular-vs-direct-mutual-fund-plan-guide-2026","https://tooltrio.com/blog/regular-vs-direct-mutual-fund-plan-guide-2026","Regular vs Direct Mutual Fund Plan: How Expense Ratio Steals Your Returns","Investment Guides","https://tooltrio.com/blog/category/investment","2026-02-22","","578","false","Regular vs Direct Mutual Fund Plan 2026","39","Why switching from Regular to Direct mutual fund plan is the highest-ROI decision.","82","https://tooltrio.com/blog/regular-vs-direct-mutual-fund-plan-guide-2026","true","false","false","true","tooltrio Team","0","0","4","0","2","https://tooltrio.com/blog/regular-vs-direct-mutual-fund-plan-guide-2026/opengraph-image","false","false","false","PASS"
"pay-off-mortgage-vs-invest-usa-guide-2026","https://tooltrio.com/blog/pay-off-mortgage-vs-invest-usa-guide-2026","Pay Off Mortgage vs Invest: The 2026 Data-Driven Decision Guide","Loan & EMI Tips","https://tooltrio.com/blog/category/loans","2026-02-25","","530","false","Pay Off Mortgage vs Invest 2026","31","Data-driven guide to deciding between extra mortgage payments vs investing in S&P 500.","86","https://tooltrio.com/blog/pay-off-mortgage-vs-invest-usa-guide-2026","true","false","false","true","tooltrio Team","0","0","4","0","2","https://tooltrio.com/blog/pay-off-mortgage-vs-invest-usa-guide-2026/opengraph-image","false","false","false","PASS"
"sukanya-samriddhi-yojana-vs-ppf-girl-child-guide-2026","https://tooltrio.com/blog/sukanya-samriddhi-yojana-vs-ppf-girl-child-guide-2026","Sukanya Samriddhi Yojana vs PPF: Best Investment for Your Daughter 2026","Investment Guides","https://tooltrio.com/blog/category/investment","2026-02-28","","1235","false","Sukanya Samriddhi Yojana vs PPF 2026","36","Complete comparison of SSY (8.2%) vs PPF (7.1%) for your daughter. Free calculator included. Instant results, no signup required.","129","https://tooltrio.com/blog/sukanya-samriddhi-yojana-vs-ppf-girl-child-guide-2026","true","false","false","true","tooltrio Team","0","0","4","0","2","https://tooltrio.com/blog/sukanya-samriddhi-yojana-vs-ppf-girl-child-guide-2026/opengraph-image","false","false","false","PASS"
"sip-vs-rd-monthly-savings-comparison-india-2026","https://tooltrio.com/blog/sip-vs-rd-monthly-savings-comparison-india-2026","SIP vs Recurring Deposit: Which Monthly Savings Plan Wins in 2026?","Investment Guides","https://tooltrio.com/blog/category/investment","2026-03-01","","1002","false","SIP vs Recurring Deposit India 2026","35","SIP mutual fund vs Recurring Deposit comparison.","48","https://tooltrio.com/blog/sip-vs-rd-monthly-savings-comparison-india-2026","true","false","false","true","tooltrio Team","0","0","5","0","3","https://tooltrio.com/blog/sip-vs-rd-monthly-savings-comparison-india-2026/opengraph-image","false","false","false","PASS"
"sip-vs-stocks-direct-investing-guide-india-2026","https://tooltrio.com/blog/sip-vs-stocks-direct-investing-guide-india-2026","SIP in Mutual Funds vs Direct Stock Picking: Which Is Better?","Investment Guides","https://tooltrio.com/blog/category/investment","2026-03-02","","1041","false","SIP vs Direct Stock Investing India 2026: Which Strategy Wins?","62","SIP mutual funds vs direct stock picking for Indian investors. SEBI data, behavioral evidence, and when to choose each.","119","https://tooltrio.com/blog/sip-vs-stocks-direct-investing-guide-india-2026","true","false","false","true","tooltrio Team","0","0","5","0","3","https://tooltrio.com/blog/sip-vs-stocks-direct-investing-guide-india-2026/opengraph-image","false","false","false","PASS"
"mutual-fund-vs-fd-lumpsum-guide-india-2026","https://tooltrio.com/blog/mutual-fund-vs-fd-lumpsum-guide-india-2026","Mutual Fund vs FD: Which Lumpsum Investment Wins After Tax India 2026?","Investment Guides","https://tooltrio.com/blog/category/investment","2026-03-03","","1033","false","Mutual Fund vs FD Lumpsum Investment 2026: Post-Tax Returns Compared","68","Mutual fund vs Fixed Deposit for lumpsum investment in India. Post-tax returns analysis showing when mutual funds beat FD and the true cost of playing safe.","156","https://tooltrio.com/blog/mutual-fund-vs-fd-lumpsum-guide-india-2026","true","false","false","true","tooltrio Team","0","0","5","0","2","https://tooltrio.com/blog/mutual-fund-vs-fd-lumpsum-guide-india-2026/opengraph-image","false","false","false","PASS"
"ppf-vs-fd-tax-comparison-india-2026","https://tooltrio.com/blog/ppf-vs-fd-tax-comparison-india-2026","PPF vs FD India 2026: Why PPF Almost Always Wins After Tax","Investment Guides","https://tooltrio.com/blog/category/investment","2026-03-04","","1038","false","PPF vs FD India 2026: Which Is Better After Tax? Complete Guide","63","PPF vs FD comparison with full tax analysis. PPF EEE status vs FD taxable interest - who wins at 20%, 30% tax brackets with worked examples.","140","https://tooltrio.com/blog/ppf-vs-fd-tax-comparison-india-2026","true","false","false","true","tooltrio Team","0","0","5","0","2","https://tooltrio.com/blog/ppf-vs-fd-tax-comparison-india-2026/opengraph-image","false","false","false","PASS"
"nsc-vs-fd-post-office-vs-bank-india-2026","https://tooltrio.com/blog/nsc-vs-fd-post-office-vs-bank-india-2026","NSC vs FD 2026: Post Office Savings vs Bank Fixed Deposit - Complete Guide","Investment Guides","https://tooltrio.com/blog/category/investment","2026-03-05","","1040","false","NSC vs FD India 2026","20","NSC vs FD comparison 2026. National Savings Certificate at 7.7% vs bank FD rates. 80C benefit, tax on interest, liquidity, and which safe investment is better.","159","https://tooltrio.com/blog/nsc-vs-fd-post-office-vs-bank-india-2026","true","false","false","true","tooltrio Team","0","0","5","0","2","https://tooltrio.com/blog/nsc-vs-fd-post-office-vs-bank-india-2026/opengraph-image","false","false","false","PASS"
"hsa-vs-fsa-healthcare-savings-guide-usa-2026","https://tooltrio.com/blog/hsa-vs-fsa-healthcare-savings-guide-usa-2026","HSA vs FSA 2026: Triple Tax Advantage Explained for US Employees","Investment Guides","https://tooltrio.com/blog/category/investment","2026-03-06","","1102","false","HSA vs FSA 2026","15","HSA vs FSA complete guide 2026.","31","https://tooltrio.com/blog/hsa-vs-fsa-healthcare-savings-guide-usa-2026","true","false","false","true","tooltrio Team","0","0","5","0","2","https://tooltrio.com/blog/hsa-vs-fsa-healthcare-savings-guide-usa-2026/opengraph-image","false","false","false","PASS"
"529-vs-roth-ira-college-savings-guide-usa-2026","https://tooltrio.com/blog/529-vs-roth-ira-college-savings-guide-usa-2026","529 Plan vs Roth IRA for College 2026: Best Education Savings Strategy","Investment Guides","https://tooltrio.com/blog/category/investment","2026-03-07","","1126","false","529 Plan vs Roth IRA College Savings 2026","41","529 vs Roth IRA for college savings 2026.","41","https://tooltrio.com/blog/529-vs-roth-ira-college-savings-guide-usa-2026","true","false","false","true","tooltrio Team","0","0","5","0","2","https://tooltrio.com/blog/529-vs-roth-ira-college-savings-guide-usa-2026/opengraph-image","false","false","false","PASS"
"roth-vs-401k-employer-match-guide-usa-2026","https://tooltrio.com/blog/roth-vs-401k-employer-match-guide-usa-2026","401k Employer Match Changes Everything: Roth vs Traditional Analysis USA","Retirement Planning","https://tooltrio.com/blog/category/retirement","2026-03-08","","1074","false","401k Employer Match vs Roth IRA 2026","36","How employer 401k matching changes the Roth vs Traditional 401k decision. Real numbers, vesting schedules, and the right contribution order for US employees.","157","https://tooltrio.com/blog/roth-vs-401k-employer-match-guide-usa-2026","true","false","false","true","tooltrio Team","0","0","5","0","2","https://tooltrio.com/blog/roth-vs-401k-employer-match-guide-usa-2026/opengraph-image","false","false","false","PASS"
"bonds-vs-cds-safe-investment-guide-usa-2026","https://tooltrio.com/blog/bonds-vs-cds-safe-investment-guide-usa-2026","Bonds vs CDs USA 2026: Which Safe Investment Earns More After Tax?","Investment Guides","https://tooltrio.com/blog/category/investment","2026-03-09","","1074","false","US Bonds vs CDs 2026","20","Treasury bonds vs CDs comparison 2026.","38","https://tooltrio.com/blog/bonds-vs-cds-safe-investment-guide-usa-2026","true","false","false","true","tooltrio Team","0","0","5","0","2","https://tooltrio.com/blog/bonds-vs-cds-safe-investment-guide-usa-2026/opengraph-image","false","false","false","PASS"
"vanguard-vs-fidelity-voo-fxaix-guide-usa-2026","https://tooltrio.com/blog/vanguard-vs-fidelity-voo-fxaix-guide-usa-2026","Vanguard VOO vs Fidelity FXAIX: Which S&P 500 Fund Is Actually Better?","Investment Guides","https://tooltrio.com/blog/category/investment","2026-03-10","","1068","false","Vanguard VOO vs Fidelity FXAIX 2026","35","VOO vs FXAIX complete comparison 2026.","38","https://tooltrio.com/blog/vanguard-vs-fidelity-voo-fxaix-guide-usa-2026","true","false","false","true","tooltrio Team","0","0","5","0","2","https://tooltrio.com/blog/vanguard-vs-fidelity-voo-fxaix-guide-usa-2026/opengraph-image","false","false","false","PASS"
"reit-vs-rental-property-usa-guide-2026","https://tooltrio.com/blog/reit-vs-rental-property-usa-guide-2026","REITs vs Rental Property USA 2026: Which Real Estate Strategy Wins?","Investment Guides","https://tooltrio.com/blog/category/investment","2026-03-11","","1150","false","REITs vs Rental Property USA 2026","33","REITs (VNQ) vs rental property USA 2026.","40","https://tooltrio.com/blog/reit-vs-rental-property-usa-guide-2026","true","false","false","true","tooltrio Team","0","0","5","0","2","https://tooltrio.com/blog/reit-vs-rental-property-usa-guide-2026/opengraph-image","false","false","false","PASS"
"sep-ira-vs-solo-401k-self-employed-guide-usa-2026","https://tooltrio.com/blog/sep-ira-vs-solo-401k-self-employed-guide-usa-2026","SEP IRA vs Solo 401k 2026: Best Retirement Account for Self-Employed USA","Retirement Planning","https://tooltrio.com/blog/category/retirement","2026-03-12","","1128","false","SEP IRA vs Solo 401k 2026","25","SEP IRA vs Solo 401k for self-employed Americans.","49","https://tooltrio.com/blog/sep-ira-vs-solo-401k-self-employed-guide-usa-2026","true","false","false","true","tooltrio Team","0","0","5","0","2","https://tooltrio.com/blog/sep-ira-vs-solo-401k-self-employed-guide-usa-2026/opengraph-image","false","false","false","PASS"
"i-bonds-vs-tips-inflation-guide-usa-2026","https://tooltrio.com/blog/i-bonds-vs-tips-inflation-guide-usa-2026","I Bonds vs TIPS USA 2026: Which Inflation Hedge Is Better for Your Portfolio?","Investment Guides","https://tooltrio.com/blog/category/investment","2026-03-13","","1117","false","I Bonds vs TIPS USA 2026: Best Inflation Protection Investment Guide","68","I Bonds vs TIPS 2026 comparison. Purchase limits, tax deferral, real yield, and when each inflation-protected investment is better for US investors.","148","https://tooltrio.com/blog/i-bonds-vs-tips-inflation-guide-usa-2026","true","false","false","true","tooltrio Team","0","0","5","0","2","https://tooltrio.com/blog/i-bonds-vs-tips-inflation-guide-usa-2026/opengraph-image","false","false","false","PASS"
"muni-vs-corporate-bonds-after-tax-guide-usa-2026","https://tooltrio.com/blog/muni-vs-corporate-bonds-after-tax-guide-usa-2026","Municipal Bonds vs Corporate Bonds USA 2026: After-Tax Yield Comparison","Investment Guides","https://tooltrio.com/blog/category/investment","2026-03-14","","1043","false","Municipal Bonds vs Corporate Bonds USA 2026","43","Municipal bonds vs corporate bonds after-tax yield 2026.","56","https://tooltrio.com/blog/muni-vs-corporate-bonds-after-tax-guide-usa-2026","true","false","false","true","tooltrio Team","0","0","5","0","2","https://tooltrio.com/blog/muni-vs-corporate-bonds-after-tax-guide-usa-2026/opengraph-image","false","false","false","PASS"
"vti-vs-voo-total-market-vs-sp500-guide-usa-2026","https://tooltrio.com/blog/vti-vs-voo-total-market-vs-sp500-guide-usa-2026","VTI vs VOO 2026: Total Market vs S&P 500 - Does Small-Cap Diversification Pay Off?","Investment Guides","https://tooltrio.com/blog/category/investment","2026-03-15","","1063","false","VTI vs VOO 2026","15","VTI vs VOO comparison 2026.","27","https://tooltrio.com/blog/vti-vs-voo-total-market-vs-sp500-guide-usa-2026","true","false","false","true","tooltrio Team","0","0","5","0","2","https://tooltrio.com/blog/vti-vs-voo-total-market-vs-sp500-guide-usa-2026/opengraph-image","false","false","false","PASS"
"dividend-growth-vs-growth-investing-guide-usa-2026","https://tooltrio.com/blog/dividend-growth-vs-growth-investing-guide-usa-2026","Dividend Growth vs Growth Stocks USA 2026: SCHD vs QQQ Total Returns","Investment Guides","https://tooltrio.com/blog/category/investment","2026-03-16","","1094","false","Dividend Growth vs Growth Stocks USA 2026: SCHD vs QQQ Which Wins?","66","Dividend growth investing (SCHD, VYM) vs growth stocks (QQQ, VUG) total returns 2026. Income, volatility, and which strategy is better at different life stages.","160","https://tooltrio.com/blog/dividend-growth-vs-growth-investing-guide-usa-2026","true","false","false","true","tooltrio Team","0","0","5","0","2","https://tooltrio.com/blog/dividend-growth-vs-growth-investing-guide-usa-2026/opengraph-image","false","false","false","PASS"
"uk-buy-to-let-vs-ftse-index-guide-2026","https://tooltrio.com/blog/uk-buy-to-let-vs-ftse-index-guide-2026","UK Buy-to-Let vs Stock Market 2026: Property vs FTSE Index Funds Compared","Investment Guides","https://tooltrio.com/blog/category/investment","2026-03-17","","1141","false","UK Buy-to-Let vs FTSE Index Fund 2026","37","UK buy-to-let vs FTSE index fund investment 2026.","49","https://tooltrio.com/blog/uk-buy-to-let-vs-ftse-index-guide-2026","true","false","false","true","tooltrio Team","0","0","5","0","2","https://tooltrio.com/blog/uk-buy-to-let-vs-ftse-index-guide-2026/opengraph-image","false","false","false","PASS"
"uk-pension-drawdown-vs-annuity-guide-2026","https://tooltrio.com/blog/uk-pension-drawdown-vs-annuity-guide-2026","UK Pension Drawdown vs Annuity 2026: Flexible vs Guaranteed Income Guide","Retirement Planning","https://tooltrio.com/blog/category/retirement","2026-03-18","","1125","false","UK Pension Drawdown vs Annuity 2026","35","UK pension drawdown vs annuity guide 2026. Current annuity rates, drawdown risk, death benefits, sequence of returns risk, and which income strategy is better.","159","https://tooltrio.com/blog/uk-pension-drawdown-vs-annuity-guide-2026","true","false","false","true","tooltrio Team","0","0","5","0","2","https://tooltrio.com/blog/uk-pension-drawdown-vs-annuity-guide-2026/opengraph-image","false","false","false","PASS"
"germany-etf-vs-tagesgeld-geldanlage-guide-2026","https://tooltrio.com/blog/germany-etf-vs-tagesgeld-geldanlage-guide-2026","ETF vs Tagesgeld/Festgeld Deutschland 2026: MSCI World vs Sparkonto Vergleich","Investment Guides","https://tooltrio.com/blog/category/investment","2026-03-19","","1032","false","ETF vs Tagesgeld Deutschland 2026","33","MSCI World ETF vs Tagesgeld und Festgeld für deutsche Anleger 2026.","67","https://tooltrio.com/blog/germany-etf-vs-tagesgeld-geldanlage-guide-2026","true","false","false","true","tooltrio Team","0","0","5","0","2","https://tooltrio.com/blog/germany-etf-vs-tagesgeld-geldanlage-guide-2026/opengraph-image","false","false","false","PASS"
"uk-lisa-vs-sipp-guide-2026","https://tooltrio.com/blog/uk-lisa-vs-sipp-guide-2026","UK Lifetime ISA vs SIPP 2026: 25% Government Bonus vs Pension Tax Relief","Retirement Planning","https://tooltrio.com/blog/category/retirement","2026-03-20","","1167","false","UK Lifetime ISA vs SIPP 2026: Which Is Better for Retirement Savings?","69","UK Lifetime ISA vs SIPP 2026 - 25% LISA bonus vs pension tax relief up to 45%. Who should use LISA for retirement vs SIPP, and the optimal combination strategy.","160","https://tooltrio.com/blog/uk-lisa-vs-sipp-guide-2026","true","false","false","true","tooltrio Team","0","0","5","0","3","https://tooltrio.com/blog/uk-lisa-vs-sipp-guide-2026/opengraph-image","false","false","false","PASS"
"elss-vs-nps-tax-saving-comparison-india-2026","https://tooltrio.com/blog/elss-vs-nps-tax-saving-comparison-india-2026","ELSS vs NPS India 2026: Best Tax Saving + Retirement Investment","Investment Guides","https://tooltrio.com/blog/category/investment","2026-03-01","","466","false","ELSS vs NPS India 2026: Best Tax Saving + Retirement Investment","63","Compare ELSS mutual fund (3-year lock-in, 80C, 12%+ returns) vs NPS (till 60, extra 80CCD ₹50K, 10-12% returns). When to use each for maximum tax saving.","153","https://tooltrio.com/blog/elss-vs-nps-tax-saving-comparison-india-2026","true","false","false","true","tooltrio Team","0","0","5","0","3","https://tooltrio.com/blog/elss-vs-nps-tax-saving-comparison-india-2026/opengraph-image","false","false","false","PASS"
"nsc-vs-ppf-government-savings-india-2026","https://tooltrio.com/blog/nsc-vs-ppf-government-savings-india-2026","NSC vs PPF 2026: Which Government Savings Scheme Gives Better Returns?","Investment Guides","https://tooltrio.com/blog/category/investment","2026-03-02","","1003","false","NSC vs PPF 2026: Which Government Savings Scheme Gives Better Returns?","70","NSC at 7.7% vs PPF at 7.1% - but EEE vs 80C+interest deduction makes the comparison nuanced. Complete post-tax comparison for Indian savers.","140","https://tooltrio.com/blog/nsc-vs-ppf-government-savings-india-2026","true","false","false","true","tooltrio Team","0","0","5","0","2","https://tooltrio.com/blog/nsc-vs-ppf-government-savings-india-2026/opengraph-image","false","false","false","PASS"
"scss-vs-fd-senior-citizen-guide-india-2026","https://tooltrio.com/blog/scss-vs-fd-senior-citizen-guide-india-2026","SCSS vs FD India 2026: Best Investment for Senior Citizens","Investment Guides","https://tooltrio.com/blog/category/investment","2026-03-03","","423","false","SCSS vs FD India 2026: Best Investment for Senior Citizens","58","Senior Citizen Savings Scheme at 8.2% vs bank FD rates. SCSS ₹30 lakh limit, quarterly payout, 80C benefit vs FD flexibility - which is better?.","144","https://tooltrio.com/blog/scss-vs-fd-senior-citizen-guide-india-2026","true","false","false","true","tooltrio Team","0","0","5","0","3","https://tooltrio.com/blog/scss-vs-fd-senior-citizen-guide-india-2026/opengraph-image","false","false","false","PASS"
"annuity-vs-lumpsum-retirement-guide-india-2026","https://tooltrio.com/blog/annuity-vs-lumpsum-retirement-guide-india-2026","Annuity vs Lumpsum: Should You Take Pension or Reinvest?","Retirement Planning","https://tooltrio.com/blog/category/retirement","2026-03-04","","997","false","Annuity vs Lumpsum: Should You Take Pension or Reinvest?","56","NPS annuity vs taking the 60% lumpsum and investing in mutual funds. Break-even age analysis, longevity risk, and the optimal retirement income strategy fo.","156","https://tooltrio.com/blog/annuity-vs-lumpsum-retirement-guide-india-2026","true","false","false","true","tooltrio Team","0","0","5","0","3","https://tooltrio.com/blog/annuity-vs-lumpsum-retirement-guide-india-2026/opengraph-image","false","false","false","PASS"
"sip-vs-crypto-tax-comparison-india-2026","https://tooltrio.com/blog/sip-vs-crypto-tax-comparison-india-2026","SIP vs Crypto: Real Post-Tax Returns for Indian Investors 2026","Investment Guides","https://tooltrio.com/blog/category/investment","2026-03-05","","1001","false","SIP vs Crypto: Real Post-Tax Returns for Indian Investors 2026","62","Compare SIP mutual funds vs crypto investments for Indian investors. 30% flat tax on crypto gains vs 10% LTCG on equity - tax drag and volatility analysis.","155","https://tooltrio.com/blog/sip-vs-crypto-tax-comparison-india-2026","true","false","false","true","tooltrio Team","0","0","5","0","0","https://tooltrio.com/blog/sip-vs-crypto-tax-comparison-india-2026/opengraph-image","false","false","false","PASS"
"sip-vs-bonds-investment-guide-india-2026","https://tooltrio.com/blog/sip-vs-bonds-investment-guide-india-2026","SIP vs Bonds India 2026: Equity Mutual Funds vs Government Bonds","Investment Guides","https://tooltrio.com/blog/category/investment","2026-03-06","","1001","false","SIP vs Bonds India 2026: Equity Mutual Funds vs Government Bonds","64","Compare equity SIP returns vs government bonds (RBI Floating Rate, SGBs). Risk, liquidity, and when bonds deserve a place in your portfolio.","140","https://tooltrio.com/blog/sip-vs-bonds-investment-guide-india-2026","true","false","false","true","tooltrio Team","0","0","5","0","0","https://tooltrio.com/blog/sip-vs-bonds-investment-guide-india-2026/opengraph-image","false","false","false","PASS"
"sip-vs-savings-account-opportunity-cost-india-2026","https://tooltrio.com/blog/sip-vs-savings-account-opportunity-cost-india-2026","Stop Leaving Money in Savings Accounts: SIP vs Savings Account India","Investment Guides","https://tooltrio.com/blog/category/investment","2026-03-07","","1009","false","Stop Leaving Money in Savings Accounts: SIP vs Savings Account India","68","The true opportunity cost of keeping too much in savings accounts (3.5-4%) vs SIP (12%+ historically). How much wealth Indians lose annually by over-saving.","156","https://tooltrio.com/blog/sip-vs-savings-account-opportunity-cost-india-2026","true","false","false","true","tooltrio Team","0","0","5","0","0","https://tooltrio.com/blog/sip-vs-savings-account-opportunity-cost-india-2026/opengraph-image","false","false","false","PASS"
"ppf-vs-nps-retirement-comparison-india-2026","https://tooltrio.com/blog/ppf-vs-nps-retirement-comparison-india-2026","PPF vs NPS India 2026: Which Is Better for Retirement?","Retirement Planning","https://tooltrio.com/blog/category/retirement","2026-03-08","","1001","false","PPF vs NPS India 2026: Which Is Better for Retirement?","54","Complete PPF vs NPS comparison for Indian retirement. EEE vs EET tax, 7.1% guaranteed vs 10-12% market-linked, lock-in, and the optimal combination strateg.","156","https://tooltrio.com/blog/ppf-vs-nps-retirement-comparison-india-2026","true","false","false","true","tooltrio Team","0","0","5","0","0","https://tooltrio.com/blog/ppf-vs-nps-retirement-comparison-india-2026/opengraph-image","false","false","false","PASS"
"lumpsum-vs-gold-investment-guide-india-2026","https://tooltrio.com/blog/lumpsum-vs-gold-investment-guide-india-2026","Lumpsum Mutual Fund vs Gold India 2026: Which One-Time Investment Wins?","Investment Guides","https://tooltrio.com/blog/category/investment","2026-03-09","","1001","false","Lumpsum Mutual Fund vs Gold India 2026","38","Compare lumpsum equity mutual fund vs gold (SGB, ETF, physical) investment. Historical returns, correlation, and the optimal gold allocation in an Indian p.","156","https://tooltrio.com/blog/lumpsum-vs-gold-investment-guide-india-2026","true","false","false","true","tooltrio Team","0","0","5","0","0","https://tooltrio.com/blog/lumpsum-vs-gold-investment-guide-india-2026/opengraph-image","false","false","false","PASS"
"emi-vs-sip-home-loan-vs-investing-india-2026","https://tooltrio.com/blog/emi-vs-sip-home-loan-vs-investing-india-2026","EMI vs SIP: Should You Buy a House or Keep Renting and Investing?","Loan & EMI Tips","https://tooltrio.com/blog/category/loans","2026-03-10","","1003","false","EMI vs SIP: Should You Buy a House or Keep Renting and Investing?","65","The rent vs buy debate through the SIP lens. What if instead of paying a home loan EMI you invested that amount in equity SIP? 20-year wealth comparison fo.","156","https://tooltrio.com/blog/emi-vs-sip-home-loan-vs-investing-india-2026","true","false","false","true","tooltrio Team","0","0","5","0","0","https://tooltrio.com/blog/emi-vs-sip-home-loan-vs-investing-india-2026/opengraph-image","false","false","false","PASS"
"sip-vs-endowment-plan-india-guide-2026","https://tooltrio.com/blog/sip-vs-endowment-plan-india-guide-2026","SIP vs Endowment Plan: Why Term + SIP Always Beats Insurance Plans","Investment Guides","https://tooltrio.com/blog/category/investment","2026-03-11","","1001","false","SIP vs Endowment Plan: Why Term + SIP Always Beats Insurance Plans","66","Real numbers showing how Term Insurance + SIP creates 3-5x more wealth than endowment or money-back policies. IRDA data on endowment returns vs mutual fund.","156","https://tooltrio.com/blog/sip-vs-endowment-plan-india-guide-2026","true","false","false","true","tooltrio Team","0","0","5","0","0","https://tooltrio.com/blog/sip-vs-endowment-plan-india-guide-2026/opengraph-image","false","false","false","PASS"
"step-up-sip-vs-regular-sip-guide-india-2026","https://tooltrio.com/blog/step-up-sip-vs-regular-sip-guide-india-2026","Step-Up SIP vs Regular SIP: How 10% Annual Increase Multiplies Wealth","Investment Guides","https://tooltrio.com/blog/category/investment","2026-03-12","","1013","false","Step-Up SIP vs Regular SIP: How 10% Annual Increase Multiplies Wealth","69","Why a step-up SIP (10% annual increase) creates dramatically more wealth than a flat SIP with same total investment. Worked examples with rupee amounts for.","156","https://tooltrio.com/blog/step-up-sip-vs-regular-sip-guide-india-2026","true","false","false","true","tooltrio Team","0","0","5","0","0","https://tooltrio.com/blog/step-up-sip-vs-regular-sip-guide-india-2026/opengraph-image","false","false","false","PASS"
"swp-vs-annuity-retirement-income-india-2026","https://tooltrio.com/blog/swp-vs-annuity-retirement-income-india-2026","SWP vs Annuity: Best Retirement Income Strategy for Indian Investors","Retirement Planning","https://tooltrio.com/blog/category/retirement","2026-03-13","","1001","false","SWP vs Annuity: Best Retirement Income Strategy for Indian Investors","68","Systematic Withdrawal Plan from mutual funds vs NPS annuity - which provides better post-retirement income? Corpus longevity, tax efficiency, and inflation.","156","https://tooltrio.com/blog/swp-vs-annuity-retirement-income-india-2026","true","false","false","true","tooltrio Team","0","0","5","0","0","https://tooltrio.com/blog/swp-vs-annuity-retirement-income-india-2026/opengraph-image","false","false","false","PASS"
"xirr-vs-cagr-investment-returns-india-2026","https://tooltrio.com/blog/xirr-vs-cagr-investment-returns-india-2026","XIRR vs CAGR: Which Return Metric Actually Measures Your SIP Performance?","Investment Guides","https://tooltrio.com/blog/category/investment","2026-03-14","","1003","false","XIRR vs CAGR 2026","17","Why XIRR is the correct measure for SIP returns but CAGR is shown on fund factsheets. How to calculate XIRR yourself and what it tells you about your real .","156","https://tooltrio.com/blog/xirr-vs-cagr-investment-returns-india-2026","true","false","false","true","tooltrio Team","0","0","5","0","0","https://tooltrio.com/blog/xirr-vs-cagr-investment-returns-india-2026/opengraph-image","false","false","false","PASS"
"real-return-inflation-adjusted-guide-india-2026","https://tooltrio.com/blog/real-return-inflation-adjusted-guide-india-2026","Real Return vs Nominal Return: Why Indian Investors Must Think in Real Terms","Investment Guides","https://tooltrio.com/blog/category/investment","2026-03-15","","929","false","Real Return vs Nominal Return 2026","34","Nominal 12% SIP return vs real 6-7% after 5-6% inflation. How to use real returns for financial planning, and which investments truly beat India.","145","https://tooltrio.com/blog/real-return-inflation-adjusted-guide-india-2026","true","false","false","true","tooltrio Team","0","0","5","0","0","https://tooltrio.com/blog/real-return-inflation-adjusted-guide-india-2026/opengraph-image","false","false","false","PASS"
"social-security-vs-pension-lifetime-income-usa-2026","https://tooltrio.com/blog/social-security-vs-pension-lifetime-income-usa-2026","Social Security vs Private Pension USA 2026: Maximize Lifetime Retirement Income","Retirement Planning","https://tooltrio.com/blog/category/retirement","2026-03-16","","1008","false","Social Security vs Private Pension USA 2026","43","Optimal Social Security claiming age vs taking private pension early. Break-even analysis, survivor benefits, and the strategy that maximizes lifetime reti.","156","https://tooltrio.com/blog/social-security-vs-pension-lifetime-income-usa-2026","true","false","false","true","tooltrio Team","0","0","5","0","0","https://tooltrio.com/blog/social-security-vs-pension-lifetime-income-usa-2026/opengraph-image","false","false","false","PASS"
"medicare-vs-private-insurance-retirement-usa-2026","https://tooltrio.com/blog/medicare-vs-private-insurance-retirement-usa-2026","Medicare vs Private Insurance 2026: Complete Healthcare Cost Guide for Retirees","Investment Guides","https://tooltrio.com/blog/category/investment","2026-03-17","","1002","false","Medicare vs Private Insurance 2026","34","Medicare Part A/B/D/Medigap vs employer private insurance in retirement. Premium comparison, coverage gaps, IRMAA surcharges, and true retirement healthcar.","156","https://tooltrio.com/blog/medicare-vs-private-insurance-retirement-usa-2026","true","false","false","true","tooltrio Team","0","0","5","0","0","https://tooltrio.com/blog/medicare-vs-private-insurance-retirement-usa-2026/opengraph-image","false","false","false","PASS"
"cash-out-refi-vs-heloc-guide-usa-2026","https://tooltrio.com/blog/cash-out-refi-vs-heloc-guide-usa-2026","Cash-Out Refinance vs HELOC 2026: Best Way to Access Home Equity USA","Loan & EMI Tips","https://tooltrio.com/blog/category/loans","2026-03-18","","1008","false","Cash-Out Refinance vs HELOC 2026: Best Way to Access Home Equity USA","68","Compare cash-out refinance and HELOC options, including rate, fees, repayment structure, and the effect of accessing existing home equity.","138","https://tooltrio.com/blog/cash-out-refi-vs-heloc-guide-usa-2026","true","false","false","true","tooltrio Team","0","0","5","0","0","https://tooltrio.com/blog/cash-out-refi-vs-heloc-guide-usa-2026/opengraph-image","false","false","false","PASS"
"tips-vs-stocks-inflation-guide-usa-2026","https://tooltrio.com/blog/tips-vs-stocks-inflation-guide-usa-2026","TIPS vs Stocks USA 2026: Which Protects Against Inflation Better Long-Term?","Investment Guides","https://tooltrio.com/blog/category/investment","2026-03-19","","1000","false","TIPS vs Stocks USA 2026","23","Do stocks or TIPS protect better against inflation? Historical analysis, real yields, and why equities are the better inflation hedge over 10+ year horizon.","156","https://tooltrio.com/blog/tips-vs-stocks-inflation-guide-usa-2026","true","false","false","true","tooltrio Team","0","0","5","0","0","https://tooltrio.com/blog/tips-vs-stocks-inflation-guide-usa-2026/opengraph-image","false","false","false","PASS"
"529-vs-utma-college-savings-guide-usa-2026","https://tooltrio.com/blog/529-vs-utma-college-savings-guide-usa-2026","529 Plan vs UTMA Account: College Savings Tax Benefits vs Total Flexibility","Investment Guides","https://tooltrio.com/blog/category/investment","2026-03-20","","1008","false","529 Plan vs UTMA Account 2026","29","529 vs UTMA for gifting to children. Tax-free growth vs no restrictions. FAFSA impact comparison - 529 treated as 5.64% parental asset vs 20% student asset.","156","https://tooltrio.com/blog/529-vs-utma-college-savings-guide-usa-2026","true","false","false","true","tooltrio Team","0","0","5","0","0","https://tooltrio.com/blog/529-vs-utma-college-savings-guide-usa-2026/opengraph-image","false","false","false","PASS"
"traditional-ira-vs-taxable-brokerage-guide-usa-2026","https://tooltrio.com/blog/traditional-ira-vs-taxable-brokerage-guide-usa-2026","Traditional IRA vs Taxable Brokerage 2026: When Tax-Deferred Beats Flexible","Investment Guides","https://tooltrio.com/blog/category/investment","2026-03-21","","1004","false","Traditional IRA vs Taxable Brokerage 2026","41","Should excess savings go into Traditional IRA or taxable brokerage? Tax deduction, deferred growth, and when the IRA tax benefit is worth the withdrawal re.","156","https://tooltrio.com/blog/traditional-ira-vs-taxable-brokerage-guide-usa-2026","true","false","false","true","tooltrio Team","0","0","5","0","0","https://tooltrio.com/blog/traditional-ira-vs-taxable-brokerage-guide-usa-2026/opengraph-image","false","false","false","PASS"
"401k-early-withdrawal-vs-loan-true-cost-usa-2026","https://tooltrio.com/blog/401k-early-withdrawal-vs-loan-true-cost-usa-2026","401k Early Withdrawal vs Loan: The True 10-Year Cost for US Workers","Retirement Planning","https://tooltrio.com/blog/category/retirement","2026-03-22","","1016","false","401k Early Withdrawal vs Loan: The True 10-Year Cost for US Workers","67","The real cost of 401k early withdrawal vs loan. 10% penalty + taxes vs repaying yourself. Long-term wealth impact of both options with worked dollar exampl.","156","https://tooltrio.com/blog/401k-early-withdrawal-vs-loan-true-cost-usa-2026","true","false","false","true","tooltrio Team","0","0","5","0","0","https://tooltrio.com/blog/401k-early-withdrawal-vs-loan-true-cost-usa-2026/opengraph-image","false","false","false","PASS"
"uk-stocks-vs-gilts-guide-2026","https://tooltrio.com/blog/uk-stocks-vs-gilts-guide-2026","UK Stocks vs Gilts 2026: FTSE All-Share vs Government Bonds Complete Guide","Investment Guides","https://tooltrio.com/blog/category/investment","2026-03-23","","998","false","UK Stocks vs Gilts 2026","23","Historical UK stocks vs gilts returns, 60/40 portfolio analysis for UK investors, and how rising gilt yields change the asset allocation decision in 2026.","154","https://tooltrio.com/blog/uk-stocks-vs-gilts-guide-2026","true","false","false","true","tooltrio Team","0","0","5","0","0","https://tooltrio.com/blog/uk-stocks-vs-gilts-guide-2026/opengraph-image","false","false","false","PASS"
"offset-mortgage-vs-savings-uk-guide-2026","https://tooltrio.com/blog/offset-mortgage-vs-savings-uk-guide-2026","UK Offset Mortgage vs Savings Account 2026: Which Saves More Money?","Loan & EMI Tips","https://tooltrio.com/blog/category/loans","2026-03-24","","1000","false","UK Offset Mortgage vs Savings Account 2026: Which Saves More Money?","67","Does a UK offset mortgage save more than keeping money in a high-yield savings account? True comparison including current mortgage rates and best savings r.","156","https://tooltrio.com/blog/offset-mortgage-vs-savings-uk-guide-2026","true","false","false","true","tooltrio Team","0","0","5","0","0","https://tooltrio.com/blog/offset-mortgage-vs-savings-uk-guide-2026/opengraph-image","false","false","false","PASS"
"stocks-isa-vs-cash-isa-uk-guide-2026","https://tooltrio.com/blog/stocks-isa-vs-cash-isa-uk-guide-2026","Stocks and Shares ISA vs Cash ISA UK 2026: 8% vs 4.5% Over 20 Years","Investment Guides","https://tooltrio.com/blog/category/investment","2026-03-25","","1016","false","Stocks and Shares ISA vs Cash ISA UK 2026: 8% vs 4.5% Over 20 Years","67","The definitive long-term comparison of Stocks and Shares ISA vs Cash ISA. How £20,000/year grows to £2M+ in stocks vs £700K in cash ISA over 30 years.","150","https://tooltrio.com/blog/stocks-isa-vs-cash-isa-uk-guide-2026","true","false","false","true","tooltrio Team","0","0","5","0","0","https://tooltrio.com/blog/stocks-isa-vs-cash-isa-uk-guide-2026/opengraph-image","false","false","false","PASS"
"europe-etf-vs-property-guide-2026","https://tooltrio.com/blog/europe-etf-vs-property-guide-2026","European ETF vs Property 2026: Index Fund vs Real Estate Investment","Investment Guides","https://tooltrio.com/blog/category/investment","2026-03-26","","406","false","European ETF vs Property 2026: Index Fund vs Real Estate Investment","67","Compare MSCI Europe ETF vs direct European real estate. Rental yields in Germany, France, Spain vs index fund returns - which builds more wealth for EU inv.","156","https://tooltrio.com/blog/europe-etf-vs-property-guide-2026","true","false","false","true","tooltrio Team","0","0","5","0","3","https://tooltrio.com/blog/europe-etf-vs-property-guide-2026/opengraph-image","false","false","false","PASS"
"europe-bonds-vs-etf-guide-2026","https://tooltrio.com/blog/europe-bonds-vs-etf-guide-2026","European Bonds vs ETF 2026: German Bunds vs MSCI Europe ETF Long-Term","Investment Guides","https://tooltrio.com/blog/category/investment","2026-03-27","","332","false","European Bonds vs ETF 2026: German Bunds vs MSCI Europe ETF Long-Term","69","Comparing European government bonds (German Bunds 2.7%, French OATs) vs MSCI Europe ETF (8% historical). When does fixed income beat equity for EU investor.","156","https://tooltrio.com/blog/europe-bonds-vs-etf-guide-2026","true","false","false","true","tooltrio Team","0","0","5","0","3","https://tooltrio.com/blog/europe-bonds-vs-etf-guide-2026/opengraph-image","false","false","false","PASS"
"uk-remortgage-vs-invest-guide-2026","https://tooltrio.com/blog/uk-remortgage-vs-invest-guide-2026","UK Remortgage vs Invest 2026: Save on Mortgage or Invest in FTSE?","Loan & EMI Tips","https://tooltrio.com/blog/category/loans","2026-03-28","","998","false","UK Remortgage vs Invest 2026: Save on Mortgage or Invest in FTSE?","65","With UK mortgage rates at 4.2-4.6% and FTSE returning 8% historically - should you remortgage to save on payments or keep overpaying to invest the differen.","156","https://tooltrio.com/blog/uk-remortgage-vs-invest-guide-2026","true","false","false","true","tooltrio Team","0","0","5","0","0","https://tooltrio.com/blog/uk-remortgage-vs-invest-guide-2026/opengraph-image","false","false","false","PASS"
"netherlands-aow-vs-pension-guide-2026","https://tooltrio.com/blog/netherlands-aow-vs-pension-guide-2026","Netherlands AOW vs Private Pension 2026: Dutch Retirement Planning Guide","Retirement Planning","https://tooltrio.com/blog/category/retirement","2026-03-01","","994","false","Netherlands AOW vs Private Pension 2026","39","Dutch state pension AOW vs pillar 3 private pension (lijfrente/banksparen). Box 3 wealth tax, deductibility, and the optimal Dutch retirement savings strat.","156","https://tooltrio.com/blog/netherlands-aow-vs-pension-guide-2026","true","false","false","true","tooltrio Team","0","0","5","0","0","https://tooltrio.com/blog/netherlands-aow-vs-pension-guide-2026/opengraph-image","false","false","false","PASS"
"spain-pension-vs-etf-guide-2026","https://tooltrio.com/blog/spain-pension-vs-etf-guide-2026","Spain: Plan de Pensiones vs ETF Index Fund 2026 - Which Is Better?","Investment Guides","https://tooltrio.com/blog/category/investment","2026-03-02","","1000","false","Spain: Plan de Pensiones vs ETF Index Fund 2026 - Which Is Better?","66","After 2022 tax reforms reducing pension contribution limits to €1,500/year, are Spanish pension plans still worth it vs direct ETF investing? Complete anal.","156","https://tooltrio.com/blog/spain-pension-vs-etf-guide-2026","true","false","false","true","tooltrio Team","0","0","5","0","0","https://tooltrio.com/blog/spain-pension-vs-etf-guide-2026/opengraph-image","false","false","false","PASS"
"europe-property-vs-reit-guide-2026","https://tooltrio.com/blog/europe-property-vs-reit-guide-2026","European Property vs REIT ETF 2026: Direct Investment vs Passive Funds","Investment Guides","https://tooltrio.com/blog/category/investment","2026-03-03","","382","false","European Property vs REIT ETF 2026: Direct Investment vs Passive Funds","70","Comparing direct European property investment vs REIT ETF for UK, German, French investors. Rental yields, capital appreciation, and management effort vs p.","156","https://tooltrio.com/blog/europe-property-vs-reit-guide-2026","true","false","false","true","tooltrio Team","0","0","5","0","3","https://tooltrio.com/blog/europe-property-vs-reit-guide-2026/opengraph-image","false","false","false","PASS"
"uk-lisa-vs-help-to-buy-first-home-guide-2026","https://tooltrio.com/blog/uk-lisa-vs-help-to-buy-first-home-guide-2026","UK Lifetime ISA vs Help to Buy ISA 2026: First Home Savings Guide","Loan & EMI Tips","https://tooltrio.com/blog/category/loans","2026-03-04","","1024","false","UK Lifetime ISA vs Help to Buy ISA 2026: First Home Savings Guide","65","LISA vs Help to Buy ISA for UK first-time buyers. Government bonus comparison, property price limits, and why LISA is now clearly superior for first home s.","156","https://tooltrio.com/blog/uk-lisa-vs-help-to-buy-first-home-guide-2026","true","false","false","true","tooltrio Team","0","0","5","0","0","https://tooltrio.com/blog/uk-lisa-vs-help-to-buy-first-home-guide-2026/opengraph-image","false","false","false","PASS"
"europe-growth-vs-value-etf-guide-2026","https://tooltrio.com/blog/europe-growth-vs-value-etf-guide-2026","European Growth vs Value ETF 2026: Which Factor Strategy Wins Long-Term?","Investment Guides","https://tooltrio.com/blog/category/investment","2026-03-05","","321","false","European Growth vs Value ETF 2026","33","MSCI Europe Growth vs Value ETF long-term returns. Factor premium analysis, current valuations, and whether tilting to value or growth makes sense for EU i.","156","https://tooltrio.com/blog/europe-growth-vs-value-etf-guide-2026","true","false","false","true","tooltrio Team","0","0","5","0","3","https://tooltrio.com/blog/europe-growth-vs-value-etf-guide-2026/opengraph-image","false","false","false","PASS"
"france-pea-vs-assurance-vie-guide-2026","https://tooltrio.com/blog/france-pea-vs-assurance-vie-guide-2026","France PEA vs Assurance-Vie 2026: Quel Placement Choisir?","Investment Guides","https://tooltrio.com/blog/category/investment","2026-03-06","","996","false","France PEA vs Assurance-Vie 2026: Quel Placement Choisir?","57","PEA (Plan d'Épargne en Actions) vs Assurance-vie pour investisseurs français. Fiscalité après 5 ans, plafonds, liquidité et quelle enveloppe.","141","https://tooltrio.com/blog/france-pea-vs-assurance-vie-guide-2026","true","false","false","true","tooltrio Team","0","0","5","0","0","https://tooltrio.com/blog/france-pea-vs-assurance-vie-guide-2026/opengraph-image","false","false","false","PASS"
"uk-pension-vs-stocks-isa-guide-2026","https://tooltrio.com/blog/uk-pension-vs-stocks-isa-guide-2026","UK Workplace Pension vs Stocks ISA 2026: Employer Match vs ISA Flexibility","Retirement Planning","https://tooltrio.com/blog/category/retirement","2026-03-07","","1004","false","UK Workplace Pension vs Stocks ISA 2026","39","Workplace pension with employer match vs Stocks and Shares ISA. How employer contributions change the calculation, and the optimal split for UK workers.","152","https://tooltrio.com/blog/uk-pension-vs-stocks-isa-guide-2026","true","false","false","true","tooltrio Team","0","0","5","0","0","https://tooltrio.com/blog/uk-pension-vs-stocks-isa-guide-2026/opengraph-image","false","false","false","PASS"
"compound-interest-rule-of-72-guide-2026","https://tooltrio.com/blog/compound-interest-rule-of-72-guide-2026","Rule of 72: The Fastest Way to Understand Compound Interest","Investment Guides","https://tooltrio.com/blog/category/investment","2026-03-08","","924","false","Rule of 72: The Fastest Way to Understand Compound Interest","59","The Rule of 72 explained with worked examples. How to instantly estimate doubling time for any interest rate - and why starting 5 years earlier doubles you.","156","https://tooltrio.com/blog/compound-interest-rule-of-72-guide-2026","true","false","false","true","tooltrio Team","0","0","5","0","0","https://tooltrio.com/blog/compound-interest-rule-of-72-guide-2026/opengraph-image","false","false","false","PASS"
"emergency-fund-size-guide-2026","https://tooltrio.com/blog/emergency-fund-size-guide-2026","Emergency Fund Guide 2026: How Much to Save and Where to Keep It","Personal Finance 101","https://tooltrio.com/blog/category/personal-finance","2026-03-09","","926","false","Emergency Fund Guide 2026: How Much to Save and Where to Keep It","64","How to calculate the right emergency fund size for your situation. Where to keep it (HYSA vs money market vs T-Bills), and how to build it while investing .","156","https://tooltrio.com/blog/emergency-fund-size-guide-2026","true","false","false","true","tooltrio Team","0","0","5","0","0","https://tooltrio.com/blog/emergency-fund-size-guide-2026/opengraph-image","false","false","false","PASS"
"fire-number-guide-2026","https://tooltrio.com/blog/fire-number-guide-2026","Your FIRE Number: How to Calculate Financial Independence and Retire Early","Retirement Planning","https://tooltrio.com/blog/category/retirement","2026-03-10","","920","false","Your FIRE Number 2026","21","Calculate your exact FIRE number using the 4% rule. Lean FIRE vs Fat FIRE, barista FIRE, Coast FIRE - which path to financial independence is right for you.","156","https://tooltrio.com/blog/fire-number-guide-2026","true","false","false","true","tooltrio Team","0","0","5","0","0","https://tooltrio.com/blog/fire-number-guide-2026/opengraph-image","false","false","false","PASS"
"debt-avalanche-vs-snowball-method-2026","https://tooltrio.com/blog/debt-avalanche-vs-snowball-method-2026","Debt Avalanche vs Snowball Method 2026: Which Pays Off Debt Faster?","Loan & EMI Tips","https://tooltrio.com/blog/category/loans","2026-03-11","","998","false","Debt Avalanche vs Snowball Method 2026: Which Pays Off Debt Faster?","67","Mathematical proof that avalanche saves more interest, but why snowball works better psychologically. How to decide which debt payoff method fits your pers.","156","https://tooltrio.com/blog/debt-avalanche-vs-snowball-method-2026","true","false","false","true","tooltrio Team","0","0","5","0","0","https://tooltrio.com/blog/debt-avalanche-vs-snowball-method-2026/opengraph-image","false","false","false","PASS"
"savings-rate-guide-fire-2026","https://tooltrio.com/blog/savings-rate-guide-fire-2026","Savings Rate: The Most Important Number in Personal Finance","Personal Finance 101","https://tooltrio.com/blog/category/personal-finance","2026-03-12","","918","false","Savings Rate: The Most Important Number in Personal Finance","59","How your savings rate determines your years to financial independence. The shocking math: a 10% savings rate means 43 years to retire; 50% means 17 years. .","156","https://tooltrio.com/blog/savings-rate-guide-fire-2026","true","false","false","true","tooltrio Team","0","0","5","0","0","https://tooltrio.com/blog/savings-rate-guide-fire-2026/opengraph-image","false","false","false","PASS"
"net-worth-milestones-guide-2026","https://tooltrio.com/blog/net-worth-milestones-guide-2026","Net Worth Milestones by Age 2026: How Do You Compare?","Personal Finance 101","https://tooltrio.com/blog/category/personal-finance","2026-03-13","","920","false","Net Worth Milestones by Age 2026: How Do You Compare?","53","Average and median net worth by age in India, USA, and UK. The milestones that matter, why median beats average for comparison, and how to accelerate your .","156","https://tooltrio.com/blog/net-worth-milestones-guide-2026","true","false","false","true","tooltrio Team","0","0","5","0","0","https://tooltrio.com/blog/net-worth-milestones-guide-2026/opengraph-image","false","false","false","PASS"
"credit-card-payoff-guide-2026","https://tooltrio.com/blog/credit-card-payoff-guide-2026","Credit Card Payoff Guide 2026: Minimum Payment vs Fixed Payment True Cost","Loan & EMI Tips","https://tooltrio.com/blog/category/loans","2026-03-14","","924","false","Credit Card Payoff Guide 2026","29","The true cost of paying only the minimum on credit cards. How a £5,000 balance at 22% takes 27 years to pay off with minimum payments - and how to eliminat.","156","https://tooltrio.com/blog/credit-card-payoff-guide-2026","true","false","false","true","tooltrio Team","0","0","5","0","0","https://tooltrio.com/blog/credit-card-payoff-guide-2026/opengraph-image","false","false","false","PASS"
"pe-ratio-investing-guide-2026","https://tooltrio.com/blog/pe-ratio-investing-guide-2026","P/E Ratio Guide 2026: How to Value Stocks and When the Market Is Overvalued","Investment Guides","https://tooltrio.com/blog/category/investment","2026-03-15","","930","false","P/E Ratio Guide 2026","20","Price-to-Earnings ratio explained for individual investors. Historical S&P 500 P/E, Shiller CAPE, and what elevated P/E ratios mean for your expected retur.","156","https://tooltrio.com/blog/pe-ratio-investing-guide-2026","true","false","false","true","tooltrio Team","0","0","5","0","0","https://tooltrio.com/blog/pe-ratio-investing-guide-2026/opengraph-image","false","false","false","PASS"
"lumpsum-vs-sip-timing-guide-india-2026","https://tooltrio.com/blog/lumpsum-vs-sip-timing-guide-india-2026","Lumpsum vs SIP: When Does Lumpsum Beat Monthly SIP in India?","Investment Guides","https://tooltrio.com/blog/category/investment","2026-03-16","","1001","false","Lumpsum vs SIP: When Does Lumpsum Beat Monthly SIP in India?","60","Data analysis showing when lumpsum beats SIP and when SIP wins. Market valuation triggers, P/E-based deployment strategy, and the evidence from Nifty 50 hi.","156","https://tooltrio.com/blog/lumpsum-vs-sip-timing-guide-india-2026","true","false","false","true","tooltrio Team","0","0","5","0","0","https://tooltrio.com/blog/lumpsum-vs-sip-timing-guide-india-2026/opengraph-image","false","false","false","PASS"
"roi-calculator-guide-2026","https://tooltrio.com/blog/roi-calculator-guide-2026","ROI Calculator Guide 2026: How to Measure True Return on Any Investment","Investment Guides","https://tooltrio.com/blog/category/investment","2026-03-17","","922","false","ROI Calculator Guide 2026","25","Calculate Return on Investment correctly - annualized ROI, CAGR, time-weighted return. Common ROI mistakes and why absolute percentage return is misleading.","156","https://tooltrio.com/blog/roi-calculator-guide-2026","true","false","false","true","tooltrio Team","0","0","5","0","0","https://tooltrio.com/blog/roi-calculator-guide-2026/opengraph-image","false","false","false","PASS"
"stock-profit-tax-guide-india-2026","https://tooltrio.com/blog/stock-profit-tax-guide-india-2026","Stock Profit Calculator India 2026: STCG vs LTCG Tax on Shares","Investment Guides","https://tooltrio.com/blog/category/investment","2026-03-18","","923","false","Stock Profit Calculator India 2026: STCG vs LTCG Tax on Shares","62","How to calculate tax on stock profits in India. Short-term capital gains (15%) vs long-term (10% above ₹1L). Tax harvesting strategy to minimize LTCG each .","156","https://tooltrio.com/blog/stock-profit-tax-guide-india-2026","true","false","false","true","tooltrio Team","0","0","5","0","0","https://tooltrio.com/blog/stock-profit-tax-guide-india-2026/opengraph-image","false","false","false","PASS"
"home-loan-prepayment-guide-india-2026","https://tooltrio.com/blog/home-loan-prepayment-guide-india-2026","Home Loan Prepayment vs Investment India 2026: What Should You Do?","Loan & EMI Tips","https://tooltrio.com/blog/category/loans","2026-03-22","","1003","false","Home Loan Prepayment vs Investment India 2026","45","Should you prepay your home loan or invest in mutual funds?","59","https://tooltrio.com/blog/home-loan-prepayment-guide-india-2026","true","false","false","true","tooltrio Team","0","0","5","0","0","https://tooltrio.com/blog/home-loan-prepayment-guide-india-2026/opengraph-image","false","false","false","PASS"
"uk-income-tax-planning-guide-2026","https://tooltrio.com/blog/uk-income-tax-planning-guide-2026","UK Income Tax Planning 2026: Legal Ways to Reduce Your Tax Bill","Investment Guides","https://tooltrio.com/blog/category/investment","2026-03-23","","1041","false","UK Income Tax Planning 2026: Legal Ways to Reduce Your PAYE Tax Bill","68","UK income tax planning guide 2026. ISA, pension, marriage allowance, salary sacrifice, and 10 legal strategies to reduce your UK tax bill significantly.","152","https://tooltrio.com/blog/uk-income-tax-planning-guide-2026","true","false","false","true","tooltrio Team","0","0","5","0","0","https://tooltrio.com/blog/uk-income-tax-planning-guide-2026/opengraph-image","false","false","false","PASS"
"retirement-corpus-calculator-guide-2026","https://tooltrio.com/blog/retirement-corpus-calculator-guide-2026","How Much Do You Need to Retire? Retirement Corpus Calculator Guide 2026","Retirement Planning","https://tooltrio.com/blog/category/retirement","2026-03-25","","987","false","Retirement Corpus Calculator 2026","33","Calculate exact retirement corpus needed using 4% rule. India, USA, and UK specific calculations accounting for inflation, state pension, and Social Security.","158","https://tooltrio.com/blog/retirement-corpus-calculator-guide-2026","true","false","false","true","tooltrio Team","0","0","5","0","0","https://tooltrio.com/blog/retirement-corpus-calculator-guide-2026/opengraph-image","false","false","false","PASS"
"dollar-cost-averaging-guide-india-usa-2026","https://tooltrio.com/blog/dollar-cost-averaging-guide-india-usa-2026","Dollar Cost Averaging Guide 2026: Why Monthly SIP/DCA Beats Market Timing","Investment Guides","https://tooltrio.com/blog/category/investment","2026-03-26","","1016","false","Dollar Cost Averaging Guide 2026","32","Evidence that DCA and SIP beat market timing for most investors.","64","https://tooltrio.com/blog/dollar-cost-averaging-guide-india-usa-2026","true","false","false","true","tooltrio Team","0","0","5","0","0","https://tooltrio.com/blog/dollar-cost-averaging-guide-india-usa-2026/opengraph-image","false","false","false","PASS"
"crypto-tax-guide-india-usa-uk-2026","https://tooltrio.com/blog/crypto-tax-guide-india-usa-uk-2026","Crypto Tax Guide 2026: India 30% vs USA Capital Gains vs UK CGT","Investment Guides","https://tooltrio.com/blog/category/investment","2026-03-27","","1032","false","Crypto Tax Guide 2026: India 30% vs USA vs UK - How Is Crypto Taxed?","68","Cryptocurrency tax guide 2026 for India, USA, and UK. India 30% flat + 1% TDS, US capital gains, UK CGT rates, and legal tax optimization strategies.","149","https://tooltrio.com/blog/crypto-tax-guide-india-usa-uk-2026","true","false","false","true","tooltrio Team","0","0","5","0","0","https://tooltrio.com/blog/crypto-tax-guide-india-usa-uk-2026/opengraph-image","false","false","false","PASS"
"car-loan-vs-cash-india-2026","https://tooltrio.com/blog/car-loan-vs-cash-india-2026","Car Loan vs Cash Purchase India 2026: Which Is the Smarter Financial Decision?","Loan & EMI Tips","https://tooltrio.com/blog/category/loans","2026-03-28","","1060","false","Car Loan vs Cash Purchase India 2026: Smart Financial Decision Guide","68","Car loan vs paying cash for a car in India 2026. Interest cost vs opportunity cost analysis, and when each option is the smarter financial decision.","148","https://tooltrio.com/blog/car-loan-vs-cash-india-2026","true","false","false","true","tooltrio Team","0","0","5","0","0","https://tooltrio.com/blog/car-loan-vs-cash-india-2026/opengraph-image","false","false","false","PASS"
"budget-guide-50-30-20-rule-2026","https://tooltrio.com/blog/budget-guide-50-30-20-rule-2026","50/30/20 Budgeting Rule 2026: Complete Guide to Personal Finance Basics","Personal Finance 101","https://tooltrio.com/blog/category/personal-finance","2026-03-29","","982","false","50/30/20 Budgeting Rule 2026","28","50/30/20 budgeting rule guide 2026. Needs vs wants vs savings framework with worked examples for different income levels in India, USA, and UK.","143","https://tooltrio.com/blog/budget-guide-50-30-20-rule-2026","true","false","false","true","tooltrio Team","0","0","5","0","0","https://tooltrio.com/blog/budget-guide-50-30-20-rule-2026/opengraph-image","false","false","false","PASS"
"rent-vs-buy-decision-guide-2026","https://tooltrio.com/blog/rent-vs-buy-decision-guide-2026","Rent vs Buy a Home 2026: The Complete Financial Decision Framework","Loan & EMI Tips","https://tooltrio.com/blog/category/loans","2026-03-30","","1125","false","Rent vs Buy a Home 2026","23","Rent vs buy home decision guide 2026 for India, USA, and UK.","60","https://tooltrio.com/blog/rent-vs-buy-decision-guide-2026","true","false","false","true","tooltrio Team","0","0","5","0","0","https://tooltrio.com/blog/rent-vs-buy-decision-guide-2026/opengraph-image","false","false","false","PASS"
"sip-vs-direct-stocks-investing-guide-india-2026","https://tooltrio.com/blog/sip-vs-direct-stocks-investing-guide-india-2026","SIP vs Direct Stocks India 2026: Mutual Funds vs Stock Picking","Investment Guides","https://tooltrio.com/blog/category/investment","2026-04-01","","1169","false","SIP vs Direct Stock Investing India 2026","40","SIP mutual funds vs direct stock picking in India 2026. SEBI data, behavioral finance evidence, and when direct stocks make sense for Indian retail investors.","158","https://tooltrio.com/blog/sip-vs-direct-stocks-investing-guide-india-2026","true","false","false","true","tooltrio Team","0","0","5","0","0","https://tooltrio.com/blog/sip-vs-direct-stocks-investing-guide-india-2026/opengraph-image","false","false","false","PASS"
"us-real-estate-vs-reits-vnq-guide-2026","https://tooltrio.com/blog/us-real-estate-vs-reits-vnq-guide-2026","US Real Estate vs REITs (VNQ) 2026: Direct Property vs REIT ETF Complete Guide","Investment Guides","https://tooltrio.com/blog/category/investment","2026-04-02","","1264","false","US Real Estate vs REITs (VNQ) 2026","34","US real estate vs REITs 2026.","29","https://tooltrio.com/blog/us-real-estate-vs-reits-vnq-guide-2026","true","false","false","true","tooltrio Team","0","0","5","0","0","https://tooltrio.com/blog/us-real-estate-vs-reits-vnq-guide-2026/opengraph-image","false","false","false","PASS"
"401k-vs-pension-guide-usa-2026","https://tooltrio.com/blog/401k-vs-pension-guide-usa-2026","401k vs Pension USA 2026: Self-Directed vs Defined Benefit Plan","Retirement Planning","https://tooltrio.com/blog/category/retirement","2026-04-03","","1194","false","401k vs Pension USA 2026: Which Retirement Plan Is Better?","58","401k vs defined benefit pension comparison 2026.","48","https://tooltrio.com/blog/401k-vs-pension-guide-usa-2026","true","false","false","true","tooltrio Team","0","0","5","0","0","https://tooltrio.com/blog/401k-vs-pension-guide-usa-2026/opengraph-image","false","false","false","PASS"
"gratuity-calculator-guide-india-2026","https://tooltrio.com/blog/gratuity-calculator-guide-india-2026","Gratuity Calculator Guide India 2026: Formula, Eligibility, and Tax Rules","Personal Finance 101","https://tooltrio.com/blog/category/personal-finance","2026-04-04","","1015","false","Gratuity Calculator India 2026","30","Gratuity calculation guide India 2026.","38","https://tooltrio.com/blog/gratuity-calculator-guide-india-2026","true","false","false","true","tooltrio Team","0","0","5","0","0","https://tooltrio.com/blog/gratuity-calculator-guide-india-2026/opengraph-image","false","false","false","PASS"
"hra-exemption-guide-india-2026","https://tooltrio.com/blog/hra-exemption-guide-india-2026","HRA Exemption Guide India 2026: How to Calculate and Maximize Tax Savings","Investment Guides","https://tooltrio.com/blog/category/investment","2026-04-05","","1030","false","HRA Exemption Guide India 2026","30","HRA exemption calculation guide India 2026.","43","https://tooltrio.com/blog/hra-exemption-guide-india-2026","true","false","false","true","tooltrio Team","0","0","5","0","0","https://tooltrio.com/blog/hra-exemption-guide-india-2026/opengraph-image","false","false","false","PASS"
"uk-pension-auto-enrolment-guide-2026","https://tooltrio.com/blog/uk-pension-auto-enrolment-guide-2026","UK Pension Auto-Enrolment Guide 2026: Rates, Opt-Out, and Maximizing Contributions","Retirement Planning","https://tooltrio.com/blog/category/retirement","2026-04-06","","1043","false","UK Pension Auto-Enrolment 2026","30","UK workplace pension auto-enrolment guide 2026.","47","https://tooltrio.com/blog/uk-pension-auto-enrolment-guide-2026","true","false","false","true","tooltrio Team","0","0","5","0","0","https://tooltrio.com/blog/uk-pension-auto-enrolment-guide-2026/opengraph-image","false","false","false","PASS"
"uk-stamp-duty-complete-guide-2026","https://tooltrio.com/blog/uk-stamp-duty-complete-guide-2026","UK Stamp Duty (SDLT) Complete Guide 2026: First-Time Buyer, Buy-to-Let, Rates","Loan & EMI Tips","https://tooltrio.com/blog/category/loans","2026-04-07","","994","false","UK Stamp Duty (SDLT) Guide 2026","31","UK Stamp Duty Land Tax guide 2026.","34","https://tooltrio.com/blog/uk-stamp-duty-complete-guide-2026","true","false","false","true","tooltrio Team","0","0","5","0","0","https://tooltrio.com/blog/uk-stamp-duty-complete-guide-2026/opengraph-image","false","false","false","PASS"
"income-tax-new-vs-old-regime-india-2026","https://tooltrio.com/blog/income-tax-new-vs-old-regime-india-2026","New vs Old Tax Regime India 2026: Which Should You Choose?","Investment Guides","https://tooltrio.com/blog/category/investment","2026-04-08","","1090","false","New vs Old Tax Regime India 2026","32","India new vs old tax regime comparison 2026.","44","https://tooltrio.com/blog/income-tax-new-vs-old-regime-india-2026","true","false","false","true","tooltrio Team","0","0","5","0","0","https://tooltrio.com/blog/income-tax-new-vs-old-regime-india-2026/opengraph-image","false","false","false","PASS"
"gst-guide-india-2026","https://tooltrio.com/blog/gst-guide-india-2026","GST India 2026: Complete Guide to Goods and Services Tax for Businesses","Investment Guides","https://tooltrio.com/blog/category/investment","2026-04-09","","1016","false","GST India 2026","14","India GST guide 2026. GST rates, registration threshold, return filing, input tax credit, composition scheme, and how to avoid common GST mistakes.","147","https://tooltrio.com/blog/gst-guide-india-2026","true","false","false","true","tooltrio Team","0","0","5","0","0","https://tooltrio.com/blog/gst-guide-india-2026/opengraph-image","false","false","false","PASS"
"currency-exchange-guide-india-2026","https://tooltrio.com/blog/currency-exchange-guide-india-2026","Currency Exchange Guide India 2026: Best Rates, Transfer Methods, and Hidden Fees","Personal Finance 101","https://tooltrio.com/blog/category/personal-finance","2026-04-10","","1041","false","Currency Exchange India 2026","28","Get the best currency exchange rates in India 2026.","51","https://tooltrio.com/blog/currency-exchange-guide-india-2026","true","false","false","true","tooltrio Team","0","0","5","0","0","https://tooltrio.com/blog/currency-exchange-guide-india-2026/opengraph-image","false","false","false","PASS"
"break-even-calculator-guide-2026","https://tooltrio.com/blog/break-even-calculator-guide-2026","Break-Even Calculator Guide 2026: How to Find Your Profit Tipping Point","Investment Guides","https://tooltrio.com/blog/category/investment","2026-04-11","","986","false","Break-Even Calculator Guide 2026","32","Break-even analysis guide 2026.","31","https://tooltrio.com/blog/break-even-calculator-guide-2026","true","false","false","true","tooltrio Team","0","0","5","0","0","https://tooltrio.com/blog/break-even-calculator-guide-2026/opengraph-image","false","false","false","PASS"
"pe-ratio-stock-valuation-guide-2026","https://tooltrio.com/blog/pe-ratio-stock-valuation-guide-2026","P/E Ratio Guide 2026: How to Value Stocks and Identify Overvalued Markets","Investment Guides","https://tooltrio.com/blog/category/investment","2026-04-12","","1047","false","P/E Ratio Guide 2026: How to Use Price-to-Earnings for Stock Valuation","70","Price-to-Earnings (P/E) ratio guide 2026.","41","https://tooltrio.com/blog/pe-ratio-stock-valuation-guide-2026","true","false","false","true","tooltrio Team","0","0","5","0","0","https://tooltrio.com/blog/pe-ratio-stock-valuation-guide-2026/opengraph-image","false","false","false","PASS"
"compound-interest-daily-vs-monthly-guide-2026","https://tooltrio.com/blog/compound-interest-daily-vs-monthly-guide-2026","Daily vs Monthly vs Annual Compounding: How Frequency Affects Returns","Investment Guides","https://tooltrio.com/blog/category/investment","2026-04-13","","1080","false","Daily vs Monthly Compounding 2026","33","Compounding frequency guide 2026. Daily vs monthly vs annual compounding - real rupee differences, effective annual rate, and the Rule of 72 explained simply.","158","https://tooltrio.com/blog/compound-interest-daily-vs-monthly-guide-2026","true","false","false","true","tooltrio Team","0","0","5","0","0","https://tooltrio.com/blog/compound-interest-daily-vs-monthly-guide-2026/opengraph-image","false","false","false","PASS"
"vat-gst-guide-europe-uk-2026","https://tooltrio.com/blog/vat-gst-guide-europe-uk-2026","VAT Guide Europe and UK 2026: Rates, Registration, and Business Compliance","Investment Guides","https://tooltrio.com/blog/category/investment","2026-04-14","","1020","false","VAT Guide Europe and UK 2026","28","European VAT and UK VAT guide 2026.","35","https://tooltrio.com/blog/vat-gst-guide-europe-uk-2026","true","false","false","true","tooltrio Team","0","0","5","0","0","https://tooltrio.com/blog/vat-gst-guide-europe-uk-2026/opengraph-image","false","false","false","PASS"
"salary-hike-negotiation-guide-2026","https://tooltrio.com/blog/salary-hike-negotiation-guide-2026","Salary Hike Guide 2026: How to Calculate and Negotiate Your Increment","Personal Finance 101","https://tooltrio.com/blog/category/personal-finance","2026-04-15","","925","false","Salary Hike Guide 2026: How to Calculate and Negotiate Your Increment","69","How to calculate effective salary hike percentage, CTC vs take-home impact, counter-offer strategy, and the right time to negotiate your salary increment.","154","https://tooltrio.com/blog/salary-hike-negotiation-guide-2026","true","false","false","true","tooltrio Team","0","0","5","0","0","https://tooltrio.com/blog/salary-hike-negotiation-guide-2026/opengraph-image","false","false","false","PASS"
"student-loan-guide-usa-2026","https://tooltrio.com/blog/student-loan-guide-usa-2026","Student Loan Guide USA 2026: Federal vs Private Loans, Repayment Plans","Loan & EMI Tips","https://tooltrio.com/blog/category/loans","2026-04-15","","923","false","Student Loan Guide USA 2026: Federal vs Private Loans, Repayment Plans","70","Complete guide to US student loans 2026: federal vs private loans, repayment plans, PSLF, and practical strategies for managing student debt.","141","https://tooltrio.com/blog/student-loan-guide-usa-2026","true","false","false","true","tooltrio Team","0","0","5","0","0","https://tooltrio.com/blog/student-loan-guide-usa-2026/opengraph-image","false","false","false","PASS"
"real-estate-roi-guide-2026","https://tooltrio.com/blog/real-estate-roi-guide-2026","Real Estate ROI Calculator Guide 2026: How to Measure Property Investment Returns","Investment Guides","https://tooltrio.com/blog/category/investment","2026-04-15","","403","false","Real Estate ROI Calculator Guide 2026","37","Calculate true ROI on rental property: net yield, cap rate, cash-on-cash return, and why gross yield is misleading for real estate investment decisions.","152","https://tooltrio.com/blog/real-estate-roi-guide-2026","true","false","false","true","tooltrio Team","0","0","5","0","3","https://tooltrio.com/blog/real-estate-roi-guide-2026/opengraph-image","false","false","false","PASS"
"home-loan-balance-transfer-guide-india-2026","https://tooltrio.com/blog/home-loan-balance-transfer-guide-india-2026","Home Loan Balance Transfer Guide India 2026: When Does It Make Sense?","Loan & EMI Tips","https://tooltrio.com/blog/category/loans","2026-04-15","","389","false","Home Loan Balance Transfer Guide India 2026: When Does It Make Sense?","69","When should you transfer your home loan to a lower rate lender? Break-even calculation, processing fees, and step-by-step guide to home loan balance transf.","156","https://tooltrio.com/blog/home-loan-balance-transfer-guide-india-2026","true","false","false","true","tooltrio Team","0","0","5","0","3","https://tooltrio.com/blog/home-loan-balance-transfer-guide-india-2026/opengraph-image","false","false","false","PASS"
"credit-score-guide-india-2026","https://tooltrio.com/blog/credit-score-guide-india-2026","CIBIL Score Guide India 2026: How to Check, Improve, and Maintain 750+","Personal Finance 101","https://tooltrio.com/blog/category/personal-finance","2026-04-15","","926","false","CIBIL Score Guide India 2026: How to Check, Improve, and Maintain 750+","70","Everything about CIBIL score in India - what affects it, how to check for free, fastest ways to improve your score, and how to dispute errors on your credi.","156","https://tooltrio.com/blog/credit-score-guide-india-2026","true","false","false","true","tooltrio Team","0","0","5","0","0","https://tooltrio.com/blog/credit-score-guide-india-2026/opengraph-image","false","false","false","PASS"
"investment-return-comparison-guide-2026","https://tooltrio.com/blog/investment-return-comparison-guide-2026","Comparing Investment Returns 2026: Nifty vs Gold vs FD vs Real Estate India","Investment Guides","https://tooltrio.com/blog/category/investment","2026-04-15","","392","false","Comparing Investment Returns 2026","33","Historical 10-year and 20-year returns comparison for Nifty 50, Gold, Fixed Deposit, Real Estate, and PPF in India - which asset class truly won?.","146","https://tooltrio.com/blog/investment-return-comparison-guide-2026","true","false","false","true","tooltrio Team","0","0","5","0","3","https://tooltrio.com/blog/investment-return-comparison-guide-2026/opengraph-image","false","false","false","PASS"
"systematic-investment-plan-complete-guide-2026","https://tooltrio.com/blog/systematic-investment-plan-complete-guide-2026","SIP Complete Guide 2026: Everything About Systematic Investment Plans","Investment Guides","https://tooltrio.com/blog/category/investment","2026-04-15","","923","false","SIP Complete Guide 2026: Everything About Systematic Investment Plans","69","Complete SIP guide for beginners. How SIP works, SEBI-registered funds, direct vs regular plan, SIP vs lumpsum, step-up SIP, and SIP during market crashes.","155","https://tooltrio.com/blog/systematic-investment-plan-complete-guide-2026","true","false","false","true","tooltrio Team","0","0","5","0","0","https://tooltrio.com/blog/systematic-investment-plan-complete-guide-2026/opengraph-image","false","false","false","PASS"
"nps-tier1-tier2-guide-india-2026","https://tooltrio.com/blog/nps-tier1-tier2-guide-india-2026","NPS Tier 1 vs Tier 2 Guide India 2026: Which Account to Use?","Retirement Planning","https://tooltrio.com/blog/category/retirement","2026-04-15","","930","false","NPS Tier 1 vs Tier 2 Guide India 2026: Which Account to Use?","60","NPS Tier 1 (pension account) vs Tier 2 (voluntary savings) - liquidity, tax treatment, withdrawal rules, and when to use each tier for Indian retirement pl.","156","https://tooltrio.com/blog/nps-tier1-tier2-guide-india-2026","true","false","false","true","tooltrio Team","0","0","5","0","0","https://tooltrio.com/blog/nps-tier1-tier2-guide-india-2026/opengraph-image","false","false","false","PASS"
"cd-ladder-strategy-guide-usa-2026","https://tooltrio.com/blog/cd-ladder-strategy-guide-usa-2026","CD Ladder Strategy 2026: Maximize Safe Returns with Certificates of Deposit","Investment Guides","https://tooltrio.com/blog/category/investment","2026-04-15","","925","false","CD Ladder Strategy 2026","23","How to build a CD ladder for consistent liquidity and maximum yield. 4-rung vs 5-rung ladder, early withdrawal strategies, and when laddering beats a singl.","156","https://tooltrio.com/blog/cd-ladder-strategy-guide-usa-2026","true","false","false","true","tooltrio Team","0","0","5","0","0","https://tooltrio.com/blog/cd-ladder-strategy-guide-usa-2026/opengraph-image","false","false","false","PASS"
"home-affordability-guide-usa-2026","https://tooltrio.com/blog/home-affordability-guide-usa-2026","Home Affordability Guide USA 2026: How Much House Can You Actually Afford?","Loan & EMI Tips","https://tooltrio.com/blog/category/loans","2026-04-15","","925","false","Home Affordability Guide USA 2026","33","The 28/36 rule, front-end vs back-end DTI ratio, hidden homeownership costs, and why the bank. Free calculator included. Instant results, no signup required.","157","https://tooltrio.com/blog/home-affordability-guide-usa-2026","true","false","false","true","tooltrio Team","0","0","5","0","0","https://tooltrio.com/blog/home-affordability-guide-usa-2026/opengraph-image","false","false","false","PASS"
"salary-vs-contractor-guide-usa-2026","https://tooltrio.com/blog/salary-vs-contractor-guide-usa-2026","W-2 Employee vs 1099 Contractor USA 2026: Which Pays More After Tax?","Investment Guides","https://tooltrio.com/blog/category/investment","2026-04-15","","999","false","W-2 Employee vs 1099 Contractor USA 2026: Which Pays More After Tax?","68","The real financial difference between W-2 employment and 1099 contracting. Self-employment tax, benefits cost, Solo 401k, and how to calculate true hourly .","156","https://tooltrio.com/blog/salary-vs-contractor-guide-usa-2026","true","false","false","true","tooltrio Team","0","0","5","0","0","https://tooltrio.com/blog/salary-vs-contractor-guide-usa-2026/opengraph-image","false","false","false","PASS"
"mortgage-refinance-guide-usa-2026","https://tooltrio.com/blog/mortgage-refinance-guide-usa-2026","Mortgage Refinance Guide USA 2026: When Does Refinancing Make Financial Sense?","Loan & EMI Tips","https://tooltrio.com/blog/category/loans","2026-04-15","","380","false","Mortgage Refinance Guide USA 2026","33","Mortgage refinance guide for 2026: break-even analysis, closing costs, cash-out vs rate-and-term refinancing, and how to evaluate the decision.","143","https://tooltrio.com/blog/mortgage-refinance-guide-usa-2026","true","false","false","true","tooltrio Team","0","0","5","0","3","https://tooltrio.com/blog/mortgage-refinance-guide-usa-2026/opengraph-image","false","false","false","PASS"
"inflation-impact-savings-guide-2026","https://tooltrio.com/blog/inflation-impact-savings-guide-2026","Inflation Impact on Savings 2026: How to Protect Your Wealth from Rising Prices","Investment Guides","https://tooltrio.com/blog/category/investment","2026-04-15","","929","false","Inflation Impact on Savings 2026","32","How inflation erodes purchasing power, the real return formula, and which investments beat inflation in India and USA over the long term.","137","https://tooltrio.com/blog/inflation-impact-savings-guide-2026","true","false","false","true","tooltrio Team","0","0","5","0","0","https://tooltrio.com/blog/inflation-impact-savings-guide-2026/opengraph-image","false","false","false","PASS"
"fixed-deposit-comparison-guide-india-2026","https://tooltrio.com/blog/fixed-deposit-comparison-guide-india-2026","Best FD Rates India 2026: Small Finance Banks vs Big Banks - Risk and Return","Investment Guides","https://tooltrio.com/blog/category/investment","2026-04-15","","934","false","Best FD Rates India 2026","24","Compare FD rates across SBI, HDFC, ICICI, Axis vs Small Finance Banks (Unity, Suryoday, Jana). DICGC ₹5 lakh coverage and whether higher SFB rates are wort.","156","https://tooltrio.com/blog/fixed-deposit-comparison-guide-india-2026","true","false","false","true","tooltrio Team","0","0","5","0","0","https://tooltrio.com/blog/fixed-deposit-comparison-guide-india-2026/opengraph-image","false","false","false","PASS"
"wealth-management-guide-india-2026","https://tooltrio.com/blog/wealth-management-guide-india-2026","Wealth Management Guide India 2026: DIY vs Financial Adviser vs Robo-Adviser","Personal Finance 101","https://tooltrio.com/blog/category/personal-finance","2026-04-15","","924","false","Wealth Management Guide India 2026","34","When to DIY your investments, when a human financial adviser adds value, and how robo-advisers like Scripbox, ET Money, and Kuvera compare. Wealth manageme.","156","https://tooltrio.com/blog/wealth-management-guide-india-2026","true","false","false","true","tooltrio Team","0","0","5","0","0","https://tooltrio.com/blog/wealth-management-guide-india-2026/opengraph-image","false","false","false","PASS"
"loan-prepayment-vs-invest-guide-india-2026","https://tooltrio.com/blog/loan-prepayment-vs-invest-guide-india-2026","Personal Loan Prepayment vs Investing India 2026: Should You Pay Off Debt First?","Loan & EMI Tips","https://tooltrio.com/blog/category/loans","2026-04-15","","1008","false","Personal Loan Prepayment vs Investing India 2026","48","High-interest personal loan (12-18%) vs investing in equity - when debt payoff beats investing, and how to sequence debt repayment with wealth creation.","152","https://tooltrio.com/blog/loan-prepayment-vs-invest-guide-india-2026","true","false","false","true","tooltrio Team","0","0","5","0","0","https://tooltrio.com/blog/loan-prepayment-vs-invest-guide-india-2026/opengraph-image","false","false","false","PASS"
"roi-return-on-investment-guide-2026","https://tooltrio.com/blog/roi-return-on-investment-guide-2026","ROI vs CAGR vs IRR: Which Investment Return Metric Should You Use?","Investment Guides","https://tooltrio.com/blog/category/investment","2026-04-15","","929","false","ROI vs CAGR vs IRR: Which Investment Return Metric Should You Use?","66","Difference between ROI, CAGR, and IRR explained with examples. When each metric is appropriate, their limitations, and why XIRR is best for SIP/irregular i.","156","https://tooltrio.com/blog/roi-return-on-investment-guide-2026","true","false","false","true","tooltrio Team","0","0","5","0","0","https://tooltrio.com/blog/roi-return-on-investment-guide-2026/opengraph-image","false","false","false","PASS"
"bmi-calculator-complete-guide-what-your-bmi-really-means","https://tooltrio.com/blog/bmi-calculator-complete-guide-what-your-bmi-really-means","BMI Calculator: What Your Number Really Means (And What It Misses)","Health & Fitness","https://tooltrio.com/blog/category/health","2026-03-19","","2050","false","BMI Calculator Guide 2026","25","Complete BMI guide, what BMI measures, how to calculate it, BMI chart by age, why BMI misses muscle mass.","105","https://tooltrio.com/blog/bmi-calculator-complete-guide-what-your-bmi-really-means","true","false","false","true","tooltrio Health Team","5","0","11","0","3","https://tooltrio.com/blog/bmi-calculator-complete-guide-what-your-bmi-really-means/opengraph-image","false","false","false","PASS"
"calorie-deficit-guide-how-to-lose-weight-without-losing-your-mind","https://tooltrio.com/blog/calorie-deficit-guide-how-to-lose-weight-without-losing-your-mind","Calorie Deficit: How to Lose Weight Without Losing Your Mind","Health & Fitness","https://tooltrio.com/blog/category/health","2026-03-19","","1780","false","Calorie Deficit Guide 2026","26","How to calculate your calorie deficit for fat loss, avoid metabolic adaptation, manage hunger, and lose 0.5-1 kg per week without losing muscle.","144","https://tooltrio.com/blog/calorie-deficit-guide-how-to-lose-weight-without-losing-your-mind","true","false","false","true","tooltrio Health Team","3","0","9","0","3","https://tooltrio.com/blog/calorie-deficit-guide-how-to-lose-weight-without-losing-your-mind/opengraph-image","false","false","false","PASS"
"sleep-calculator-guide-best-bedtime-wake-time-for-you","https://tooltrio.com/blog/sleep-calculator-guide-best-bedtime-wake-time-for-you","Sleep Calculator Guide: The Science Behind the Best Bedtime & Wake Time","Health & Fitness","https://tooltrio.com/blog/category/health","2026-03-19","","1756","false","Sleep Calculator Guide 2026","27","Complete sleep science guide, sleep cycle stages, how to calculate ideal bedtime, why REM sleep matters, sleep debt.","116","https://tooltrio.com/blog/sleep-calculator-guide-best-bedtime-wake-time-for-you","true","false","false","true","tooltrio Health Team","2","0","8","0","3","https://tooltrio.com/blog/sleep-calculator-guide-best-bedtime-wake-time-for-you/opengraph-image","false","false","false","PASS"
"dev-tools-calculator-guide-json-meta-tags-hash-unix-timestamp","https://tooltrio.com/blog/dev-tools-calculator-guide-json-meta-tags-hash-unix-timestamp","Developer Tools Guide: JSON Schema, Meta Tags, Hash Functions & Unix Timestamps Explained","Developer Tools","https://tooltrio.com/blog/category/developer-tools","2026-03-19","","1653","false","Developer Tools Guide 2026","26","Complete developer tools reference, how JSON Schema works, writing effective meta tags for SEO, SHA-256 vs MD5 hash functions.","126","https://tooltrio.com/blog/dev-tools-calculator-guide-json-meta-tags-hash-unix-timestamp","true","true","true","true","tooltrio Dev Team","6","0","12","0","2","https://tooltrio.com/blog/dev-tools-calculator-guide-json-meta-tags-hash-unix-timestamp/opengraph-image","false","false","false","PASS"
"debt-to-income-ratio-calculator-usa-2026","https://tooltrio.com/blog/debt-to-income-ratio-calculator-usa-2026","Debt-to-Income Ratio in 2026: What Lenders See And How to Fix It Fast","Loan & EMI Tips","https://tooltrio.com/blog/category/loans","2026-04-01","","312","false","Debt-to-Income Ratio Calculator USA 2026: Fix Your DTI Before Applying","70","DTI above 43% means loan denied. Calculate your exact debt-to-income ratio and learn 7 proven ways to lower it before your mortgage application.","144","https://tooltrio.com/blog/debt-to-income-ratio-calculator-usa-2026","true","false","false","true","tooltrio Team","6","0","10","0","0","https://tooltrio.com/blog/debt-to-income-ratio-calculator-usa-2026/opengraph-image","false","false","false","PASS"
"balance-transfer-vs-debt-payoff-which-saves-more-2026","https://tooltrio.com/blog/balance-transfer-vs-debt-payoff-which-saves-more-2026","Balance Transfer vs Paying Off Debt: Which Saves More in 2026?","Loan & EMI Tips","https://tooltrio.com/blog/category/loans","2026-04-03","","260","false","Balance Transfer vs Debt Payoff 2026: Which Saves More?","55","0% balance transfer sounds perfect but transfer fees and revert APR can make it worse. See the real math before you move your credit card debt.","143","https://tooltrio.com/blog/balance-transfer-vs-debt-payoff-which-saves-more-2026","true","false","false","true","tooltrio Team","5","0","9","0","0","https://tooltrio.com/blog/balance-transfer-vs-debt-payoff-which-saves-more-2026/opengraph-image","false","false","false","PASS"
"credit-score-what-hurts-most-usa-2026","https://tooltrio.com/blog/credit-score-what-hurts-most-usa-2026","What Destroys Your Credit Score the Most in 2026? Ranked by Damage","Loan & EMI Tips","https://tooltrio.com/blog/category/loans","2026-04-05","","242","false","What Hurts Your Credit Score the Most in 2026? Ranked by Damage","63","Missed payment drops score 60-110 points. Maxing a card drops 20-45. Every action ranked by damage with exact timelines to recover.","131","https://tooltrio.com/blog/credit-score-what-hurts-most-usa-2026","true","false","false","true","tooltrio Team","4","0","8","0","0","https://tooltrio.com/blog/credit-score-what-hurts-most-usa-2026/opengraph-image","false","false","false","PASS"
"401k-contribution-limits-2026-how-much-can-you-save","https://tooltrio.com/blog/401k-contribution-limits-2026-how-much-can-you-save","401(k) Contribution Limits 2026: How Much Can You Actually Save This Year?","Retirement Planning","https://tooltrio.com/blog/category/retirement","2026-04-07","","248","false","401(k) Contribution Limits 2026: Max Out Your Retirement Savings","64","2026 401k limit: $23,500 ($31,000 if 50+). Mega backdoor Roth lets you shelter up to $70,000/year. Full breakdown of every limit and strategy.","142","https://tooltrio.com/blog/401k-contribution-limits-2026-how-much-can-you-save","true","false","false","true","tooltrio Team","6","0","10","0","0","https://tooltrio.com/blog/401k-contribution-limits-2026-how-much-can-you-save/opengraph-image","false","false","false","PASS"
"social-security-when-to-claim-62-vs-70-usa-2026","https://tooltrio.com/blog/social-security-when-to-claim-62-vs-70-usa-2026","Social Security at 62 vs 67 vs 70: Which Age Makes You the Most Money in 2026?","Retirement Planning","https://tooltrio.com/blog/category/retirement","2026-04-09","","245","false","Social Security 62 vs 70: Best Age to Claim in 2026","51","Claim at 62 = 30% less forever. Wait to 70 = 77% more. Break-even age is 78-82. See which claiming age wins for your health and financial situation.","148","https://tooltrio.com/blog/social-security-when-to-claim-62-vs-70-usa-2026","true","false","false","true","tooltrio Team","4","0","8","0","0","https://tooltrio.com/blog/social-security-when-to-claim-62-vs-70-usa-2026/opengraph-image","false","false","false","PASS"
"roth-conversion-ladder-strategy-2026","https://tooltrio.com/blog/roth-conversion-ladder-strategy-2026","The Roth Conversion Ladder: How to Pay Zero Tax in Early Retirement","Retirement Planning","https://tooltrio.com/blog/category/retirement","2026-04-11","","252","false","Roth Conversion Ladder 2026: Pay Zero Tax in Early Retirement","61","Convert traditional IRA to Roth during low-income years, wait 5 years, withdraw tax-free. Legal $0 federal tax on $60k+/year. Complete 2026 strategy.","149","https://tooltrio.com/blog/roth-conversion-ladder-strategy-2026","true","false","false","true","tooltrio Team","5","0","9","0","0","https://tooltrio.com/blog/roth-conversion-ladder-strategy-2026/opengraph-image","false","false","false","PASS"
"dollar-cost-averaging-vs-lump-sum-2026","https://tooltrio.com/blog/dollar-cost-averaging-vs-lump-sum-2026","DCA vs Lump Sum Investing in 2026: Research Says One Wins 68% of the Time","Investment Guides","https://tooltrio.com/blog/category/investment","2026-04-13","","258","false","DCA vs Lump Sum Investing 2026: Which Strategy Wins? (Research-Backed)","70","Lump sum beats DCA 68% of the time per Vanguard research. But DCA wins in bear markets. See which strategy fits your situation in 2026.","135","https://tooltrio.com/blog/dollar-cost-averaging-vs-lump-sum-2026","true","false","false","true","tooltrio Team","4","0","8","0","0","https://tooltrio.com/blog/dollar-cost-averaging-vs-lump-sum-2026/opengraph-image","false","false","false","PASS"
"dividend-investing-how-much-to-live-off-dividends-2026","https://tooltrio.com/blog/dividend-investing-how-much-to-live-off-dividends-2026","Dividend Investing in 2026: Exactly How Much You Need to Live Off Dividends","Investment Guides","https://tooltrio.com/blog/category/investment","2026-04-15","","254","false","Dividend Investing 2026: How Much You Need to Live Off Dividends","64","Need $5,000/month in dividends? You need $1.5M-$2M at 3-4% yield. See portfolio sizes by income target, best dividend ETFs, and DRIP strategy for 2026.","151","https://tooltrio.com/blog/dividend-investing-how-much-to-live-off-dividends-2026","true","false","false","true","tooltrio Team","5","0","9","0","0","https://tooltrio.com/blog/dividend-investing-how-much-to-live-off-dividends-2026/opengraph-image","false","false","false","PASS"
"portfolio-rebalancing-guide-2026","https://tooltrio.com/blog/portfolio-rebalancing-guide-2026","Portfolio Rebalancing in 2026: When to Do It and How to Avoid the Tax Bill","Investment Guides","https://tooltrio.com/blog/category/investment","2026-04-17","","269","false","Portfolio Rebalancing Guide 2026: When, How, and Tax Strategy","61","Unrebalanced 60/40 becomes 80/20 in a bull market — 40% more risk. Learn when to rebalance and how to do it tax-efficiently in 2026.","132","https://tooltrio.com/blog/portfolio-rebalancing-guide-2026","true","false","false","true","tooltrio Team","5","0","9","0","0","https://tooltrio.com/blog/portfolio-rebalancing-guide-2026/opengraph-image","false","false","false","PASS"
"rental-property-real-roi-calculator-2026","https://tooltrio.com/blog/rental-property-real-roi-calculator-2026","Is Your Rental Property Actually Making Money? The Real ROI Calculation for 2026","Property Guides","https://tooltrio.com/blog/category/property","2026-04-19","","260","false","Rental Property ROI Calculator USA 2026: The Real Numbers","57","Think you are making 8% on your rental? After vacancy, maintenance, and taxes many landlords earn 2-4%. Calculate your true rental property ROI for 2026.","153","https://tooltrio.com/blog/rental-property-real-roi-calculator-2026","true","false","false","true","tooltrio Team","5","0","9","0","0","https://tooltrio.com/blog/rental-property-real-roi-calculator-2026/opengraph-image","false","false","false","PASS"
"home-renovation-roi-which-upgrades-add-value-2026","https://tooltrio.com/blog/home-renovation-roi-which-upgrades-add-value-2026","Home Renovation ROI in 2026: Which Upgrades Actually Increase Home Value?","Property Guides","https://tooltrio.com/blog/category/property","2026-04-21","","304","false","Home Renovation ROI 2026: Which Upgrades Add the Most Value?","60","Kitchen remodel: 60% ROI. Garage door: 131% ROI. Every major home renovation ranked by 2026 resale return data. Know before you spend.","134","https://tooltrio.com/blog/home-renovation-roi-which-upgrades-add-value-2026","true","false","false","true","tooltrio Team","4","0","8","0","0","https://tooltrio.com/blog/home-renovation-roi-which-upgrades-add-value-2026/opengraph-image","false","false","false","PASS"
"how-much-house-can-i-afford-2026","https://tooltrio.com/blog/how-much-house-can-i-afford-2026","How Much House Can You Afford in 2026? The Real Formula (Not What Lenders Say)","Property Guides","https://tooltrio.com/blog/category/property","2026-04-23","","294","false","How Much House Can You Afford in 2026? The Conservative Formula","63","Lenders approve your max DTI but that is often more than you should spend. The conservative home affordability formula for 2026.","128","https://tooltrio.com/blog/how-much-house-can-i-afford-2026","true","false","false","true","tooltrio Team","5","0","9","0","0","https://tooltrio.com/blog/how-much-house-can-i-afford-2026/opengraph-image","false","false","false","PASS"
"tax-loss-harvesting-strategy-usa-2026","https://tooltrio.com/blog/tax-loss-harvesting-strategy-usa-2026","Tax Loss Harvesting in 2026: Turn Portfolio Losses Into a Tax Refund","Tax Guides","https://tooltrio.com/blog/category/tax","2026-04-25","","328","false","Tax Loss Harvesting 2026","24","Tax loss harvesting saved $1,200-$5,000/year in bear markets. Exact how-to for 2026 including the wash-sale rule that invalidates your harvest.","143","https://tooltrio.com/blog/tax-loss-harvesting-strategy-usa-2026","true","false","false","true","tooltrio Team","4","0","8","0","0","https://tooltrio.com/blog/tax-loss-harvesting-strategy-usa-2026/opengraph-image","false","false","false","PASS"
"capital-gains-tax-guide-pay-zero-2026","https://tooltrio.com/blog/capital-gains-tax-guide-pay-zero-2026","Capital Gains Tax in 2026: The Legal Ways to Pay 0% (Yes, Really)","Tax Guides","https://tooltrio.com/blog/category/tax","2026-04-27","","308","false","Capital Gains Tax 2026: How to Pay 0% Legally","45","Married under $94,050? You pay 0% capital gains tax in 2026. Time asset sales and use tax gain harvesting to legally reduce your capital gains bill.","148","https://tooltrio.com/blog/capital-gains-tax-guide-pay-zero-2026","true","false","false","true","tooltrio Team","5","0","9","0","0","https://tooltrio.com/blog/capital-gains-tax-guide-pay-zero-2026/opengraph-image","false","false","false","PASS"
"self-employment-tax-reduce-legally-2026","https://tooltrio.com/blog/self-employment-tax-reduce-legally-2026","Self-Employment Tax in 2026: How Much You Owe and 8 Legal Ways to Reduce It","Tax Guides","https://tooltrio.com/blog/category/tax","2026-04-29","","346","false","Self-Employment Tax 2026: How Much You Owe + 8 Ways to Reduce It","64","Self-employed pay 15.3% SE tax + income tax. On $80k profit = $11,304 SE tax alone. 8 legal strategies — SEP IRA, S-Corp election, deductions.","142","https://tooltrio.com/blog/self-employment-tax-reduce-legally-2026","true","false","false","true","tooltrio Team","5","0","9","0","0","https://tooltrio.com/blog/self-employment-tax-reduce-legally-2026/opengraph-image","false","false","false","PASS"
"subscription-audit-Americans-waste-2026","https://tooltrio.com/blog/subscription-audit-Americans-waste-2026","The Average American Wastes $329/Month on Forgotten Subscriptions (2026)","Personal Finance 101","https://tooltrio.com/blog/category/personal-finance","2026-05-01","","273","false","Subscription Audit 2026","23","Average American pays for 4+ subscriptions they do not use. $3,948/year wasted. Complete audit guide to find and cancel every forgotten subscription in 2026.","157","https://tooltrio.com/blog/subscription-audit-Americans-waste-2026","true","false","false","true","tooltrio Team","5","0","9","0","0","https://tooltrio.com/blog/subscription-audit-Americans-waste-2026/opengraph-image","false","false","false","PASS"
"grocery-budget-benchmarks-usa-2026","https://tooltrio.com/blog/grocery-budget-benchmarks-usa-2026","How Much Should You Spend on Groceries in 2026? USDA Benchmarks by Family Size","Personal Finance 101","https://tooltrio.com/blog/category/personal-finance","2026-05-03","","296","false","Grocery Budget 2026: How Much Should You Spend by Family Size?","62","USDA: family of 4 spends $1,076-$1,300/month on groceries. Eat well for 40% less. 2026 benchmarks by household size and city.","125","https://tooltrio.com/blog/grocery-budget-benchmarks-usa-2026","true","false","false","true","tooltrio Team","3","0","7","0","0","https://tooltrio.com/blog/grocery-budget-benchmarks-usa-2026/opengraph-image","false","false","false","PASS"
"emergency-fund-how-much-where-to-keep-2026","https://tooltrio.com/blog/emergency-fund-how-much-where-to-keep-2026","Emergency Fund in 2026: How Much You Need and the Best Place to Keep It","Personal Finance 101","https://tooltrio.com/blog/category/personal-finance","2026-05-05","","306","false","Emergency Fund 2026: How Much You Need and Where to Keep It","59","Gig workers need 9-12 months. Homeowners need more. And the wrong account costs $800-$2,000/year in lost interest. The complete 2026 emergency fund guide.","154","https://tooltrio.com/blog/emergency-fund-how-much-where-to-keep-2026","true","false","false","true","tooltrio Team","4","0","8","0","0","https://tooltrio.com/blog/emergency-fund-how-much-where-to-keep-2026/opengraph-image","false","false","false","PASS"
"wedding-budget-average-cost-usa-2026","https://tooltrio.com/blog/wedding-budget-average-cost-usa-2026","Average Wedding Cost in 2026: What You Will Spend and Where to Cut 40%","Personal Finance 101","https://tooltrio.com/blog/category/personal-finance","2026-05-07","","302","false","Wedding Budget 2026: Average Cost and Where to Cut 40%","54","Average US wedding: $35,000-$38,000 in 2026. 60% go over budget. Exact breakdown by category and 12 ways to cut costs without sacrificing the day.","146","https://tooltrio.com/blog/wedding-budget-average-cost-usa-2026","true","false","false","true","tooltrio Team","5","0","9","0","0","https://tooltrio.com/blog/wedding-budget-average-cost-usa-2026/opengraph-image","false","false","false","PASS"
"baby-cost-first-year-usa-2026","https://tooltrio.com/blog/baby-cost-first-year-usa-2026","How Much Does a Baby Cost in 2026? The First Year Breakdown","Personal Finance 101","https://tooltrio.com/blog/category/personal-finance","2026-05-09","","281","false","Baby Cost Calculator 2026","25","First year with a baby costs $21,000-$26,000. Childcare alone: $1,300/month average. Full breakdown + financial prep guide for 2026.","132","https://tooltrio.com/blog/baby-cost-first-year-usa-2026","true","false","false","true","tooltrio Team","5","0","9","0","0","https://tooltrio.com/blog/baby-cost-first-year-usa-2026/opengraph-image","false","false","false","PASS"
"pet-cost-calculator-true-cost-of-owning-pet-2026","https://tooltrio.com/blog/pet-cost-calculator-true-cost-of-owning-pet-2026","True Cost of Owning a Pet in 2026: What Nobody Tells You Before You Buy","Personal Finance 101","https://tooltrio.com/blog/category/personal-finance","2026-05-11","","283","false","True Cost of Owning a Pet 2026: Dog, Cat, and More","50","Dog: $3,700/year. Cat: $1,800/year. Emergency vet: $5,000-$10,000. The full financial picture before you adopt any pet in 2026.","127","https://tooltrio.com/blog/pet-cost-calculator-true-cost-of-owning-pet-2026","true","false","false","true","tooltrio Team","5","0","9","0","0","https://tooltrio.com/blog/pet-cost-calculator-true-cost-of-owning-pet-2026/opengraph-image","false","false","false","PASS"
"ev-vs-gas-car-total-cost-comparison-2026","https://tooltrio.com/blog/ev-vs-gas-car-total-cost-comparison-2026","EV vs Gas Car in 2026: Which Is Cheaper Over 5 Years?","Personal Finance 101","https://tooltrio.com/blog/category/personal-finance","2026-05-13","","327","false","EV vs Gas Car 2026: Which Is Cheaper Over 5 Years?","50","$7,500 tax credit + lower fuel + cheaper maintenance = EVs often break even in 2-3 years. Complete 2026 cost comparison by vehicle class.","137","https://tooltrio.com/blog/ev-vs-gas-car-total-cost-comparison-2026","true","false","false","true","tooltrio Team","4","0","8","0","0","https://tooltrio.com/blog/ev-vs-gas-car-total-cost-comparison-2026/opengraph-image","false","false","false","PASS"
"car-total-cost-of-ownership-2026","https://tooltrio.com/blog/car-total-cost-of-ownership-2026","True Cost of Owning a Car in 2026: Most People Underestimate by $4,000 Per Year","Personal Finance 101","https://tooltrio.com/blog/category/personal-finance","2026-05-15","","308","false","True Cost of Owning a Car 2026: $12,182/Year — Where Does It Go?","64","AAA 2026: average car costs $12,182/year. Most drivers think it is $8,000. Full breakdown + how to choose a car that costs $3,000-$5,000 less annually.","151","https://tooltrio.com/blog/car-total-cost-of-ownership-2026","true","false","false","true","tooltrio Team","6","0","10","0","0","https://tooltrio.com/blog/car-total-cost-of-ownership-2026/opengraph-image","false","false","false","PASS"
"freelancer-hourly-rate-formula-2026","https://tooltrio.com/blog/freelancer-hourly-rate-formula-2026","How to Set Your Freelance Rate in 2026: The Formula That Actually Works","Tax Guides","https://tooltrio.com/blog/category/tax","2026-05-17","","299","false","Freelance Rate Calculator 2026: Set Your Rate Without Undercharging","67","Most freelancers underprice by 30-50% ignoring taxes, benefits, vacation, and non-billable time. The exact formula to calculate your profitable rate in 2026.","157","https://tooltrio.com/blog/freelancer-hourly-rate-formula-2026","true","false","false","true","tooltrio Team","4","0","8","0","0","https://tooltrio.com/blog/freelancer-hourly-rate-formula-2026/opengraph-image","false","false","false","PASS"
"best-side-hustles-real-after-tax-income-2026","https://tooltrio.com/blog/best-side-hustles-real-after-tax-income-2026","Best Side Hustles in 2026: Real After-Tax Income Ranked (Not the Hype)","Tax Guides","https://tooltrio.com/blog/category/tax","2026-05-19","","307","false","Best Side Hustles 2026: Real After-Tax Income Ranked","52","Uber sounds like $5k/month — actually $8-12/hour after expenses. Real after-tax income for 20 popular side hustles ranked for 2026.","131","https://tooltrio.com/blog/best-side-hustles-real-after-tax-income-2026","true","false","false","true","tooltrio Team","5","0","9","0","0","https://tooltrio.com/blog/best-side-hustles-real-after-tax-income-2026/opengraph-image","false","false","false","PASS"
"gig-economy-tax-guide-2026","https://tooltrio.com/blog/gig-economy-tax-guide-2026","Gig Economy Taxes in 2026: Complete Guide for DoorDash, Uber, and Fiverr Workers","Tax Guides","https://tooltrio.com/blog/category/tax","2026-05-21","","265","false","Gig Economy Taxes 2026","22","Gig workers owe 15.3% SE tax and income tax. Mileage tracking alone saves $2,400+/year. Complete 2026 tax guide with every deduction explained.","143","https://tooltrio.com/blog/gig-economy-tax-guide-2026","true","false","false","true","tooltrio Team","4","0","8","0","0","https://tooltrio.com/blog/gig-economy-tax-guide-2026/opengraph-image","false","false","false","PASS"
"financial-freedom-number-calculator-2026","https://tooltrio.com/blog/financial-freedom-number-calculator-2026","Your Financial Freedom Number in 2026: The Exact Amount You Need to Never Work Again","Personal Finance 101","https://tooltrio.com/blog/category/personal-finance","2026-05-23","","283","false","Financial Freedom Number Calculator 2026","40","4% rule: spend $60k/year means needing $1.5M. But 2026 updates may mean you need more — or reach it faster. Calculate your exact FI number.","139","https://tooltrio.com/blog/financial-freedom-number-calculator-2026","true","false","false","true","tooltrio Team","4","0","8","0","0","https://tooltrio.com/blog/financial-freedom-number-calculator-2026/opengraph-image","false","false","false","PASS"
"net-worth-by-age-usa-2026-benchmarks","https://tooltrio.com/blog/net-worth-by-age-usa-2026-benchmarks","Net Worth by Age in 2026: Are You Behind, On Track, or Ahead?","Personal Finance 101","https://tooltrio.com/blog/category/personal-finance","2026-05-25","","314","false","Net Worth by Age USA 2026: Median, Average, and Top 10% Benchmarks","66","Median net worth age 35-44: $135,600. Average: $549,000. See where you stand and the fastest paths to catch up to your age group benchmark.","139","https://tooltrio.com/blog/net-worth-by-age-usa-2026-benchmarks","true","false","false","true","tooltrio Team","5","0","9","0","0","https://tooltrio.com/blog/net-worth-by-age-usa-2026-benchmarks/opengraph-image","false","false","false","PASS"
"passive-income-streams-ranked-capital-needed-2026","https://tooltrio.com/blog/passive-income-streams-ranked-capital-needed-2026","7 Passive Income Streams in 2026: Capital Needed and Real Returns Ranked","Personal Finance 101","https://tooltrio.com/blog/category/personal-finance","2026-05-27","","297","false","Passive Income 2026","19","7 passive income streams ranked by required capital, actual passivity, and 2026 realistic returns. From dividends to real estate to digital products.","149","https://tooltrio.com/blog/passive-income-streams-ranked-capital-needed-2026","true","false","false","true","tooltrio Team","6","0","10","0","0","https://tooltrio.com/blog/passive-income-streams-ranked-capital-needed-2026/opengraph-image","false","false","false","PASS"
"is-college-degree-worth-it-roi-2026","https://tooltrio.com/blog/is-college-degree-worth-it-roi-2026","Is Your College Degree Worth It in 2026? ROI by Major and School Type","Personal Finance 101","https://tooltrio.com/blog/category/personal-finance","2026-05-29","","317","false","College ROI Calculator 2026: Is Your Degree Worth the Cost?","59","CS degree from state school: 400%+ ROI. Private art history: may never break even. Calculate the exact financial return on any college choice in 2026.","150","https://tooltrio.com/blog/is-college-degree-worth-it-roi-2026","true","false","false","true","tooltrio Team","4","0","8","0","0","https://tooltrio.com/blog/is-college-degree-worth-it-roi-2026/opengraph-image","false","false","false","PASS"
"student-loan-payoff-fastest-strategies-2026","https://tooltrio.com/blog/student-loan-payoff-fastest-strategies-2026","Pay Off Student Loans 5 Years Faster: 6 Strategies Ranked by Speed (2026)","Loan & EMI Tips","https://tooltrio.com/blog/category/loans","2026-05-31","","302","false","Pay Off Student Loans Faster in 2026: 6 Strategies Ranked","57","$40k loans at 6.5% takes 10 years standard. Avalanche cuts 2 years. Refinancing saves $5,600. 6 strategies ranked for fastest payoff in 2026.","141","https://tooltrio.com/blog/student-loan-payoff-fastest-strategies-2026","true","false","false","true","tooltrio Team","5","0","9","0","0","https://tooltrio.com/blog/student-loan-payoff-fastest-strategies-2026/opengraph-image","false","false","false","PASS"
"term-vs-whole-life-insurance-2026","https://tooltrio.com/blog/term-vs-whole-life-insurance-2026","Term Life vs Whole Life Insurance in 2026: Why Experts Unanimously Recommend Term","Personal Finance 101","https://tooltrio.com/blog/category/personal-finance","2026-06-02","","269","false","Term vs Whole Life Insurance 2026: The Math That Settles the Debate","67","Term: $40/month. Whole life: $500+/month. Same $500k coverage. Difference invested 20 years = $3.5M. Why nearly every expert says buy term.","139","https://tooltrio.com/blog/term-vs-whole-life-insurance-2026","true","false","false","true","tooltrio Team","4","0","8","0","0","https://tooltrio.com/blog/term-vs-whole-life-insurance-2026/opengraph-image","false","false","false","PASS"
"rule-of-72-how-long-to-double-money-2026","https://tooltrio.com/blog/rule-of-72-how-long-to-double-money-2026","The Rule of 72: How Long to Double Your Money at Any Interest Rate (2026)","Investment Guides","https://tooltrio.com/blog/category/investment","2026-06-04","","302","false","Rule of 72 Calculator 2026: How Long to Double Your Money?","58","Rule of 72: divide 72 by return rate = years to double. At 8% = 9 years. At 4% = 18 years. Full table + why it matters for every financial decision.","148","https://tooltrio.com/blog/rule-of-72-how-long-to-double-money-2026","true","false","false","true","tooltrio Team","5","0","9","0","0","https://tooltrio.com/blog/rule-of-72-how-long-to-double-money-2026/opengraph-image","false","false","false","PASS"
"opportunity-cost-every-decision-has-a-price-2026","https://tooltrio.com/blog/opportunity-cost-every-decision-has-a-price-2026","Opportunity Cost in 2026: Every Financial Decision Has a Hidden Price","Personal Finance 101","https://tooltrio.com/blog/category/personal-finance","2026-06-06","","318","false","Opportunity Cost Calculator 2026","32","Choosing a $55k car over $30k costs $171,000 in future wealth at 8% over 25 years. Opportunity cost examples for every major financial decision.","144","https://tooltrio.com/blog/opportunity-cost-every-decision-has-a-price-2026","true","false","false","true","tooltrio Team","3","0","7","0","0","https://tooltrio.com/blog/opportunity-cost-every-decision-has-a-price-2026/opengraph-image","false","false","false","PASS"
"pmi-removal-how-to-stop-paying-2026","https://tooltrio.com/blog/pmi-removal-how-to-stop-paying-2026","How to Get Rid of PMI in 2026: 3 Ways to Stop Paying $200+/Month Sooner","Property Guides","https://tooltrio.com/blog/category/property","2026-06-08","","364","false","PMI Removal Calculator 2026: 3 Ways to Stop Paying $200+/Month","62","PMI costs $100-300/month and protects the lender not you. Three legal ways to cancel PMI early in 2026 and the exact steps to make it happen.","141","https://tooltrio.com/blog/pmi-removal-how-to-stop-paying-2026","true","false","false","true","tooltrio Team","5","0","9","0","0","https://tooltrio.com/blog/pmi-removal-how-to-stop-paying-2026/opengraph-image","false","false","false","PASS"
"biweekly-mortgage-vs-monthly-save-years-2026","https://tooltrio.com/blog/biweekly-mortgage-vs-monthly-save-years-2026","Biweekly Mortgage Payments in 2026: Save $28,000 and Pay Off 4 Years Early","Property Guides","https://tooltrio.com/blog/category/property","2026-06-10","","300","false","Biweekly Mortgage Payments 2026","31","Biweekly payments = 13 full payments per year instead of 12. On a $300,000 loan this saves $28,000 in interest and cuts 4 years off your mortgage.","146","https://tooltrio.com/blog/biweekly-mortgage-vs-monthly-save-years-2026","true","false","false","true","tooltrio Team","5","0","9","0","0","https://tooltrio.com/blog/biweekly-mortgage-vs-monthly-save-years-2026/opengraph-image","false","false","false","PASS"
"mortgage-refinance-when-does-it-make-sense-2026","https://tooltrio.com/blog/mortgage-refinance-when-does-it-make-sense-2026","Should You Refinance Your Mortgage in 2026? The Break-Even Calculator","Property Guides","https://tooltrio.com/blog/category/property","2026-06-12","","365","false","Mortgage Refinance 2026","23","Refinancing costs $3,000-$6,000. At 1% rate drop on $300k loan you save $200/month — break-even in 15-30 months. Exact calculation for your situation.","150","https://tooltrio.com/blog/mortgage-refinance-when-does-it-make-sense-2026","true","false","false","true","tooltrio Team","5","0","9","0","0","https://tooltrio.com/blog/mortgage-refinance-when-does-it-make-sense-2026/opengraph-image","false","false","false","PASS"
"compound-interest-the-eighth-wonder-2026","https://tooltrio.com/blog/compound-interest-the-eighth-wonder-2026","Compound Interest in 2026: Why Einstein Called It the Eighth Wonder of the World","Investment Guides","https://tooltrio.com/blog/category/investment","2026-06-14","","339","false","Compound Interest 2026: The Math That Changes Every Financial Decision","70","$10,000 at 10% for 30 years = $174,000. For 40 years = $452,000. How compound interest works and why starting early is worth more than starting big.","148","https://tooltrio.com/blog/compound-interest-the-eighth-wonder-2026","true","false","false","true","tooltrio Team","4","0","8","0","0","https://tooltrio.com/blog/compound-interest-the-eighth-wonder-2026/opengraph-image","false","false","false","PASS"
"savings-rate-calculator-path-to-financial-freedom-2026","https://tooltrio.com/blog/savings-rate-calculator-path-to-financial-freedom-2026","Your Savings Rate Is the #1 Predictor of Financial Freedom in 2026","Personal Finance 101","https://tooltrio.com/blog/category/personal-finance","2026-06-16","","328","false","Savings Rate Calculator 2026: The #1 Predictor of Financial Freedom","67","Save 40% and retire in 22 years. Save 5% and never retire — regardless of income. Why savings rate beats salary as the key to financial freedom.","144","https://tooltrio.com/blog/savings-rate-calculator-path-to-financial-freedom-2026","true","false","false","true","tooltrio Team","5","0","9","0","0","https://tooltrio.com/blog/savings-rate-calculator-path-to-financial-freedom-2026/opengraph-image","false","false","false","PASS"
"cagr-calculator-what-return-are-you-actually-earning-2026","https://tooltrio.com/blog/cagr-calculator-what-return-are-you-actually-earning-2026","CAGR Calculator in 2026: What Return Are You Actually Earning on Your Investments?","Investment Guides","https://tooltrio.com/blog/category/investment","2026-06-18","","304","false","CAGR Calculator 2026: What Return Are You Actually Earning?","59","Portfolio from $50k to $80k in 5 years sounds like 60% return. Actual CAGR: only 9.9%/year. How to calculate and compare real investment returns.","145","https://tooltrio.com/blog/cagr-calculator-what-return-are-you-actually-earning-2026","true","false","false","true","tooltrio Team","5","0","9","0","0","https://tooltrio.com/blog/cagr-calculator-what-return-are-you-actually-earning-2026/opengraph-image","false","false","false","PASS"
"salary-negotiation-calculator-how-much-are-you-worth-2026","https://tooltrio.com/blog/salary-negotiation-calculator-how-much-are-you-worth-2026","Salary Negotiation in 2026: How to Know Your Market Rate and Ask for More","Personal Finance 101","https://tooltrio.com/blog/category/personal-finance","2026-06-20","","433","false","Salary Negotiation 2026: Know Your Market Rate and Ask for More","63","Never negotiating costs $1M+ over a career. Here is how to find your 2026 market rate and the exact scripts to negotiate a raise or higher starting salary.","155","https://tooltrio.com/blog/salary-negotiation-calculator-how-much-are-you-worth-2026","true","false","false","true","tooltrio Team","4","0","8","0","0","https://tooltrio.com/blog/salary-negotiation-calculator-how-much-are-you-worth-2026/opengraph-image","false","false","false","PASS"
"annual-bonus-tax-calculator-how-much-do-you-keep-2026","https://tooltrio.com/blog/annual-bonus-tax-calculator-how-much-do-you-keep-2026","Your Annual Bonus in 2026: How Much Tax You Actually Pay (And How to Keep More)","Tax Guides","https://tooltrio.com/blog/category/tax","2026-06-22","","427","false","Annual Bonus Tax Calculator 2026: How Much Do You Actually Keep?","64","Bonuses withheld at 22% federal flat rate but your real rate depends on total income. See how much you actually keep from any bonus size in 2026.","145","https://tooltrio.com/blog/annual-bonus-tax-calculator-how-much-do-you-keep-2026","true","false","false","true","tooltrio Team","5","0","9","0","0","https://tooltrio.com/blog/annual-bonus-tax-calculator-how-much-do-you-keep-2026/opengraph-image","false","false","false","PASS"
"pay-raise-calculator-how-much-more-take-home-2026","https://tooltrio.com/blog/pay-raise-calculator-how-much-more-take-home-2026","Got a Raise in 2026? Here Is Exactly How Much More You Actually Take Home","Personal Finance 101","https://tooltrio.com/blog/category/personal-finance","2026-06-24","","320","false","Pay Raise Calculator 2026: How Much More Do You Actually Take Home?","67","$10,000 raise = only $6,000-$6,800 more take-home after taxes. See the real after-tax breakdown for every raise size in 2026.","125","https://tooltrio.com/blog/pay-raise-calculator-how-much-more-take-home-2026","true","false","false","true","tooltrio Team","5","0","9","0","0","https://tooltrio.com/blog/pay-raise-calculator-how-much-more-take-home-2026/opengraph-image","false","false","false","PASS"
"inflation-impact-calculator-purchasing-power-2026","https://tooltrio.com/blog/inflation-impact-calculator-purchasing-power-2026","Inflation in 2026: How Much Your Money Lost (And What to Do About It)","Investment Guides","https://tooltrio.com/blog/category/investment","2026-06-26","","370","false","Inflation Impact Calculator 2026: How Much Did Inflation Cost You?","66","$100,000 from 2016 has the buying power of $73,000 today. Calculate your personal inflation loss and the best inflation-beating investments for 2026.","149","https://tooltrio.com/blog/inflation-impact-calculator-purchasing-power-2026","true","false","false","true","tooltrio Team","5","0","9","0","0","https://tooltrio.com/blog/inflation-impact-calculator-purchasing-power-2026/opengraph-image","false","false","false","PASS"
"529-college-savings-plan-guide-2026","https://tooltrio.com/blog/529-college-savings-plan-guide-2026","529 College Savings Plan 2026: Complete Savings Guide by Child Age","Personal Finance 101","https://tooltrio.com/blog/category/personal-finance","2026-06-28","","419","false","529 College Savings Plan 2026: Complete Savings Guide by Child Age","66","College costs $140,000-$320,000 in 2026. Starting a 529 at birth vs age 10 can leave you $80,000 short. Exact monthly savings plan by child age.","144","https://tooltrio.com/blog/529-college-savings-plan-guide-2026","true","false","false","true","tooltrio Team","5","0","9","0","0","https://tooltrio.com/blog/529-college-savings-plan-guide-2026/opengraph-image","false","false","false","PASS"
"fire-calculator-retire-early-2026","https://tooltrio.com/blog/fire-calculator-retire-early-2026","FIRE Calculator in 2026: Exactly How Long Until You Can Retire Early","Retirement Planning","https://tooltrio.com/blog/category/retirement","2026-06-30","","467","false","FIRE Calculator 2026: How Long Until You Can Retire Early?","58","Save 40% and retire in 22 years on any income.","46","https://tooltrio.com/blog/fire-calculator-retire-early-2026","true","false","false","true","tooltrio Team","7","0","11","0","0","https://tooltrio.com/blog/fire-calculator-retire-early-2026/opengraph-image","false","false","false","PASS"
"hsa-triple-tax-advantage-guide-2026","https://tooltrio.com/blog/hsa-triple-tax-advantage-guide-2026","HSA in 2026: The Triple Tax Advantage Account Nobody Uses Correctly","Tax Guides","https://tooltrio.com/blog/category/tax","2026-07-02","","428","false","HSA Triple Tax Advantage 2026: The Investment Strategy Nobody Uses","66","HSA: tax deduction in, tax-free growth, tax-free withdrawal. But 72% of people use it wrong as a spending account. The correct 2026 HSA investment strategy.","156","https://tooltrio.com/blog/hsa-triple-tax-advantage-guide-2026","true","false","false","true","tooltrio Team","4","0","8","0","0","https://tooltrio.com/blog/hsa-triple-tax-advantage-guide-2026/opengraph-image","false","false","false","PASS"
"net-present-value-calculator-make-better-decisions-2026","https://tooltrio.com/blog/net-present-value-calculator-make-better-decisions-2026","Net Present Value in 2026: The Formula That Makes Every Financial Decision Clearer","Investment Guides","https://tooltrio.com/blog/category/investment","2026-07-04","","383","false","Net Present Value Calculator 2026: Make Smarter Financial Decisions","67","NPV turns any future cash flow into a single today-dollars number. Compare rental properties, job offers, equipment purchases — any decision with future value.","159","https://tooltrio.com/blog/net-present-value-calculator-make-better-decisions-2026","true","false","false","true","tooltrio Team","2","0","6","0","0","https://tooltrio.com/blog/net-present-value-calculator-make-better-decisions-2026/opengraph-image","false","false","false","PASS"
"profit-margin-calculator-business-pricing-guide-2026","https://tooltrio.com/blog/profit-margin-calculator-business-pricing-guide-2026","Profit Margin Calculator 2026: Gross, Operating & Net Margin Guide","Personal Finance 101","https://tooltrio.com/blog/category/personal-finance","2026-07-06","","359","false","Profit Margin Calculator 2026: Gross, Operating & Net Margin Guide","66","$100 product, $60 cost = 40% gross margin. But after overhead and taxes net margin might be only 8%. How to calculate every margin metric and price correctly.","158","https://tooltrio.com/blog/profit-margin-calculator-business-pricing-guide-2026","true","false","false","true","tooltrio Team","4","0","8","0","0","https://tooltrio.com/blog/profit-margin-calculator-business-pricing-guide-2026/opengraph-image","false","false","false","PASS"
"crypto-tax-guide-usa-2026","https://tooltrio.com/blog/crypto-tax-guide-usa-2026","Crypto Taxes in 2026: What the IRS Knows and What You Owe","Tax Guides","https://tooltrio.com/blog/category/tax","2026-07-08","","372","false","Crypto Taxes 2026: What You Owe the IRS on Bitcoin and Ethereum","63","Every crypto trade is taxable in 2026. Exchanges send 1099s to the IRS. Calculate exactly what you owe and 5 legal ways to cut your crypto tax bill.","148","https://tooltrio.com/blog/crypto-tax-guide-usa-2026","true","false","false","true","tooltrio Team","4","0","8","0","0","https://tooltrio.com/blog/crypto-tax-guide-usa-2026/opengraph-image","false","false","false","PASS"
"rmd-required-minimum-distribution-2026-guide","https://tooltrio.com/blog/rmd-required-minimum-distribution-2026-guide","Required Minimum Distributions in 2026: How Much You Must Withdraw at Age 73","Retirement Planning","https://tooltrio.com/blog/category/retirement","2026-07-12","","349","false","Required Minimum Distribution 2026: How Much Must You Withdraw at 73?","69","RMDs start at 73 under SECURE 2.0. Miss the deadline and the IRS takes 25%. Calculate your exact 2026 RMD and strategies to reduce the tax hit.","143","https://tooltrio.com/blog/rmd-required-minimum-distribution-2026-guide","true","false","false","true","tooltrio Team","4","0","8","0","0","https://tooltrio.com/blog/rmd-required-minimum-distribution-2026-guide/opengraph-image","false","false","false","PASS"
"401k-early-withdrawal-penalty-2026","https://tooltrio.com/blog/401k-early-withdrawal-penalty-2026","401(k) Early Withdrawal vs Loan in 2026: The True Cost Comparison","Retirement Planning","https://tooltrio.com/blog/category/retirement","2026-07-14","","342","false","401k Early Withdrawal vs Loan 2026: Which Hurts Your Retirement Less?","69","Withdrawing $20k from 401k at 40 = $7,400 in taxes and penalties + $137k in lost growth. A 401k loan costs far less. See the real comparison for 2026.","150","https://tooltrio.com/blog/401k-early-withdrawal-penalty-2026","true","false","false","true","tooltrio Team","4","0","8","0","0","https://tooltrio.com/blog/401k-early-withdrawal-penalty-2026/opengraph-image","false","false","false","PASS"
"startup-runway-burn-rate-calculator-2026","https://tooltrio.com/blog/startup-runway-burn-rate-calculator-2026","Startup Runway in 2026: How Long Until You Run Out of Money?","Personal Finance 101","https://tooltrio.com/blog/category/personal-finance","2026-07-16","","310","false","Startup Runway Calculator 2026: How Long Until You Run Out of Money?","68","Most startups fail 5-8 months before founders realize it. Calculate your runway and learn 7 ways to extend it before reaching the danger zone.","142","https://tooltrio.com/blog/startup-runway-burn-rate-calculator-2026","true","false","false","true","tooltrio Team","5","0","9","0","0","https://tooltrio.com/blog/startup-runway-burn-rate-calculator-2026/opengraph-image","false","false","false","PASS"
"rent-vs-buy-real-math-2026","https://tooltrio.com/blog/rent-vs-buy-real-math-2026","Rent vs Buy in 2026: The Real Math Most Articles Get Wrong","Property Guides","https://tooltrio.com/blog/category/property","2026-07-20","","311","false","Rent vs Buy 2026: The Real Math With All Hidden Costs","53","Buying costs 52% more per month than renting at 7% mortgage rates. But equity building changes the picture. The full 5 and 10 year comparison for 2026.","151","https://tooltrio.com/blog/rent-vs-buy-real-math-2026","true","false","false","true","tooltrio Team","4","0","8","0","0","https://tooltrio.com/blog/rent-vs-buy-real-math-2026/opengraph-image","false","false","false","PASS"
"cash-out-refi-vs-heloc-2026","https://tooltrio.com/blog/cash-out-refi-vs-heloc-2026","Cash-Out Refinance vs HELOC in 2026: Which Is Better for Your Home Equity?","Property Guides","https://tooltrio.com/blog/category/property","2026-07-22","","315","false","Cash-Out Refinance vs HELOC 2026","32","$150k in equity. Cash-out refi resets your mortgage. HELOC is flexible but variable at 9%+. Full 2026 comparison with the rate lock-in warning.","143","https://tooltrio.com/blog/cash-out-refi-vs-heloc-2026","true","false","false","true","tooltrio Team","4","0","8","0","0","https://tooltrio.com/blog/cash-out-refi-vs-heloc-2026/opengraph-image","false","false","false","PASS"
"cd-ladder-strategy-best-rates-2026","https://tooltrio.com/blog/cd-ladder-strategy-best-rates-2026","CD Ladder Strategy in 2026: Earn 5%+ Without Locking Up All Your Cash","Personal Finance 101","https://tooltrio.com/blog/category/personal-finance","2026-07-24","","276","false","CD Ladder Strategy 2026: Earn 5%+ Without Locking Up Your Cash","62","CD ladder = 5%+ APY with cash available every 3 months. How to build one in 2026 and when CDs beat HYSAs. Complete step-by-step guide.","134","https://tooltrio.com/blog/cd-ladder-strategy-best-rates-2026","true","false","false","true","tooltrio Team","4","0","8","0","0","https://tooltrio.com/blog/cd-ladder-strategy-best-rates-2026/opengraph-image","false","false","false","PASS"
"pay-off-mortgage-vs-invest-2026","https://tooltrio.com/blog/pay-off-mortgage-vs-invest-2026","Pay Off Mortgage Early vs Invest in 2026: The Math That Settles the Debate","Property Guides","https://tooltrio.com/blog/category/property","2026-07-26","","269","false","Pay Off Mortgage Early vs Invest in 2026: Which Strategy Wins?","62","$1,000/month extra on 6.5% mortgage vs invest at 10% — investing wins by $310,000 over 25 years. But the psychological case for payoff is real.","143","https://tooltrio.com/blog/pay-off-mortgage-vs-invest-2026","true","false","false","true","tooltrio Team","3","0","7","0","0","https://tooltrio.com/blog/pay-off-mortgage-vs-invest-2026/opengraph-image","false","false","false","PASS"
"debt-snowball-vs-avalanche-2026","https://tooltrio.com/blog/debt-snowball-vs-avalanche-2026","Debt Snowball vs Avalanche in 2026: Which Pays Off Debt Faster?","Loan & EMI Tips","https://tooltrio.com/blog/category/loans","2026-08-01","","250","false","Debt Snowball vs Avalanche 2026: Which Method Pays Off Debt Faster?","67","Avalanche saves the most interest. Snowball gets more people debt-free. Exact comparison on 4 debts with $500/month extra — and the hybrid approach that wins.","158","https://tooltrio.com/blog/debt-snowball-vs-avalanche-2026","true","false","false","true","tooltrio Team","4","0","8","0","0","https://tooltrio.com/blog/debt-snowball-vs-avalanche-2026/opengraph-image","false","false","false","PASS"
"reit-vs-rental-property-comparison-2026","https://tooltrio.com/blog/reit-vs-rental-property-comparison-2026","REIT vs Rental Property in 2026: Which Real Estate Investment Wins?","Investment Guides","https://tooltrio.com/blog/category/investment","2026-08-05","","237","false","REIT vs Rental Property 2026: Which Real Estate Investment Wins?","64","REITs: 11.6% historical returns with zero management. Rental property: 8-12% with active work. Complete 2026 comparison for real estate investors.","146","https://tooltrio.com/blog/reit-vs-rental-property-comparison-2026","true","false","false","true","tooltrio Team","4","0","8","0","0","https://tooltrio.com/blog/reit-vs-rental-property-comparison-2026/opengraph-image","false","false","false","PASS"
"annuity-vs-lump-sum-pension-decision-2026","https://tooltrio.com/blog/annuity-vs-lump-sum-pension-decision-2026","Pension: Annuity vs Lump Sum in 2026 — Which Option Pays More?","Retirement Planning","https://tooltrio.com/blog/category/retirement","2026-08-07","","281","false","Pension Annuity vs Lump Sum 2026: Which Option Pays More?","57","$450,000 lump sum or $2,200/month for life? Break-even age is 82-85. The full analysis including investment return assumptions and survivor benefits.","149","https://tooltrio.com/blog/annuity-vs-lump-sum-pension-decision-2026","true","false","false","true","tooltrio Team","4","0","8","0","0","https://tooltrio.com/blog/annuity-vs-lump-sum-pension-decision-2026/opengraph-image","false","false","false","PASS"
"estate-planning-documents-checklist-2026","https://tooltrio.com/blog/estate-planning-documents-checklist-2026","Estate Planning in 2026: The 5 Documents Every American Needs (Most Have Zero)","Personal Finance 101","https://tooltrio.com/blog/category/personal-finance","2026-07-28","","329","false","Estate Planning 2026: The 5 Documents Every American Needs","58","Only 33% of Americans have a will. Without one the state decides who gets your assets.","86","https://tooltrio.com/blog/estate-planning-documents-checklist-2026","true","false","false","true","tooltrio Team","4","0","8","0","0","https://tooltrio.com/blog/estate-planning-documents-checklist-2026/opengraph-image","false","false","false","PASS"
"w4-withholding-stop-overpaying-2026","https://tooltrio.com/blog/w4-withholding-stop-overpaying-2026","W-4 Withholding in 2026: Stop Giving the IRS a $3,100 Interest-Free Loan","Tax Guides","https://tooltrio.com/blog/category/tax","2026-07-30","","251","false","W-4 Tax Withholding 2026: Stop Giving the IRS a Free Loan","57","Average 2026 refund: $3,100. That means $258/month overpaid all year. Adjust your W-4 and put that money to work without owing at tax time.","139","https://tooltrio.com/blog/w4-withholding-stop-overpaying-2026","true","false","false","true","tooltrio Team","4","0","8","0","0","https://tooltrio.com/blog/w4-withholding-stop-overpaying-2026/opengraph-image","false","false","false","PASS"
"sep-ira-vs-solo-401k-self-employed-2026","https://tooltrio.com/blog/sep-ira-vs-solo-401k-self-employed-2026","SEP IRA vs Solo 401(k) in 2026: Which Saves the Self-Employed More?","Tax Guides","https://tooltrio.com/blog/category/tax","2026-08-09","","308","false","SEP IRA vs Solo 401(k) 2026: Which Is Better for the Self-Employed?","67","At $80k income: Solo 401k allows $38,036 vs SEP IRA $20,000. The employee deferral is the key. Complete 2026 comparison for freelancers and business owners.","156","https://tooltrio.com/blog/sep-ira-vs-solo-401k-self-employed-2026","true","false","false","true","tooltrio Team","4","0","8","0","0","https://tooltrio.com/blog/sep-ira-vs-solo-401k-self-employed-2026/opengraph-image","false","false","false","PASS"
"qbi-deduction-self-employed-guide-2026","https://tooltrio.com/blog/qbi-deduction-self-employed-guide-2026","QBI Deduction in 2026: The 20% Business Tax Break Most Self-Employed People Miss","Tax Guides","https://tooltrio.com/blog/category/tax","2026-08-17","","274","false","QBI Deduction 2026: The 20% Business Tax Break Most Self-Employed Miss","70","QBI deduction saves $3,000-$12,000+ annually for eligible self-employed. Income limits, service business restrictions, and how to maximize it in 2026.","150","https://tooltrio.com/blog/qbi-deduction-self-employed-guide-2026","true","false","false","true","tooltrio Team","3","0","7","0","0","https://tooltrio.com/blog/qbi-deduction-self-employed-guide-2026/opengraph-image","false","false","true","SCHEDULED"
"down-payment-3-percent-vs-20-percent-2026","https://tooltrio.com/blog/down-payment-3-percent-vs-20-percent-2026","Down Payment in 2026: Is 3% Down Ever Smart, or Should You Wait for 20%?","Property Guides","https://tooltrio.com/blog/category/property","2026-08-21","","335","false","Down Payment 2026: Is 3% Down Smart or Should You Wait for 20%?","63","3% down vs 20% down on a $350,000 home: $679/month more with 3% down. But waiting years while home prices rise can cost more. The complete 2026 comparison.","155","https://tooltrio.com/blog/down-payment-3-percent-vs-20-percent-2026","true","false","false","true","tooltrio Team","3","0","7","0","0","https://tooltrio.com/blog/down-payment-3-percent-vs-20-percent-2026/opengraph-image","false","false","true","SCHEDULED"
"state-tax-relocation-no-income-tax-states-2026","https://tooltrio.com/blog/state-tax-relocation-no-income-tax-states-2026","Move to Save Taxes in 2026: How Much You Save Moving to a No-Income-Tax State","Tax Guides","https://tooltrio.com/blog/category/tax","2026-08-19","","310","false","State Tax Relocation 2026: How Much You Save Moving to a No-Tax State","69","$200k earner saves $19,000/year moving from California to Nevada. But cost of living and the domicile test change the real picture. Full 2026 analysis.","151","https://tooltrio.com/blog/state-tax-relocation-no-income-tax-states-2026","true","false","false","true","tooltrio Team","3","0","7","0","0","https://tooltrio.com/blog/state-tax-relocation-no-income-tax-states-2026/opengraph-image","false","false","true","SCHEDULED"
"energy-savings-solar-heat-pump-2026","https://tooltrio.com/blog/energy-savings-solar-heat-pump-2026","Home Energy Savings in 2026: Solar, Heat Pumps, and Insulation ROI with Tax Credits","Property Guides","https://tooltrio.com/blog/category/property","2026-08-15","","289","false","Home Energy Savings 2026: Solar, Heat Pump, and Insulation ROI","62","Solar saves $1,200-$2,000/year. Heat pump saves $1,300/year. 30% federal tax credit through 2032. Full ROI for every major home energy upgrade in 2026.","151","https://tooltrio.com/blog/energy-savings-solar-heat-pump-2026","true","false","false","true","tooltrio Team","2","0","6","0","0","https://tooltrio.com/blog/energy-savings-solar-heat-pump-2026/opengraph-image","false","false","true","SCHEDULED"
"vacation-budget-cost-by-destination-2026","https://tooltrio.com/blog/vacation-budget-cost-by-destination-2026","How Much Does a Vacation Cost in 2026? Real Numbers by Destination","Personal Finance 101","https://tooltrio.com/blog/category/personal-finance","2026-08-13","","309","false","Vacation Cost Calculator 2026: Real Costs for Every Destination","63","Europe: $2,800-$5,500/person. Caribbean: $1,500-$3,200. Japan: $2,500-$5,200. Real 2026 vacation costs by destination with 8 ways to cut 40%.","141","https://tooltrio.com/blog/vacation-budget-cost-by-destination-2026","true","false","false","true","tooltrio Team","4","0","8","0","0","https://tooltrio.com/blog/vacation-budget-cost-by-destination-2026/opengraph-image","false","false","true","SCHEDULED"
"student-loans-vs-working-through-college-2026","https://tooltrio.com/blog/student-loans-vs-working-through-college-2026","Student Loans vs Working Through College in 2026: The Honest Financial Comparison","Personal Finance 101","https://tooltrio.com/blog/category/personal-finance","2026-08-11","","345","false","Student Loans vs Working Through College 2026: The Real Comparison","66","$40,000 in loans costs $54,476 after interest. Working 20 hours/week earns $14,000/year net. But heavy work hours reduce graduation rates.","138","https://tooltrio.com/blog/student-loans-vs-working-through-college-2026","true","false","false","true","tooltrio Team","3","0","7","0","0","https://tooltrio.com/blog/student-loans-vs-working-through-college-2026/opengraph-image","false","false","false","PASS"
"break-even-analysis-2026-business-guide","https://tooltrio.com/blog/break-even-analysis-2026-business-guide","Break-Even Analysis in 2026: How Many Sales Until You Make a Profit?","Personal Finance 101","https://tooltrio.com/blog/category/personal-finance","2026-07-18","","248","false","Break-Even Calculator 2026: How Many Sales Until You Make a Profit?","67","Break-even = Fixed Costs / Contribution Margin. SaaS at $15k/month needs 159 users at $99. Your exact break-even by business type in 2026.","138","https://tooltrio.com/blog/break-even-analysis-2026-business-guide","true","false","false","true","tooltrio Team","4","0","8","0","0","https://tooltrio.com/blog/break-even-analysis-2026-business-guide/opengraph-image","false","false","false","PASS"
"crypto-dca-bitcoin-strategy-2026","https://tooltrio.com/blog/crypto-dca-bitcoin-strategy-2026","Crypto DCA in 2026: Does Dollar-Cost Averaging Into Bitcoin Actually Work?","Investment Guides","https://tooltrio.com/blog/category/investment","2026-07-10","","320","false","Crypto DCA 2026: Does Dollar-Cost Averaging Into Bitcoin Work?","62","$100/week into Bitcoin for 4 years = $67,000+ from $20,800 invested. DCA outperforms lump sum for crypto due to extreme volatility. The complete 2026 guide.","156","https://tooltrio.com/blog/crypto-dca-bitcoin-strategy-2026","true","false","false","true","tooltrio Team","4","0","8","0","0","https://tooltrio.com/blog/crypto-dca-bitcoin-strategy-2026/opengraph-image","false","false","false","PASS"
"personal-loan-vs-credit-card-comparison-2026","https://tooltrio.com/blog/personal-loan-vs-credit-card-comparison-2026","Personal Loan vs Credit Card in 2026: Which Costs Less for Large Purchases?","Loan & EMI Tips","https://tooltrio.com/blog/category/loans","2026-08-03","","285","false","Personal Loan vs Credit Card 2026","33","Personal loan at 12% vs credit card at 24% on $10,000: personal loan saves $3,688 and pays off 25 months faster. When to use each in 2026.","138","https://tooltrio.com/blog/personal-loan-vs-credit-card-comparison-2026","true","false","false","true","tooltrio Team","4","0","8","0","0","https://tooltrio.com/blog/personal-loan-vs-credit-card-comparison-2026/opengraph-image","false","false","false","PASS"
"profit-margin-business-pricing-2026","https://tooltrio.com/blog/profit-margin-business-pricing-2026","Profit Margin Calculator 2026: Pricing, Markup & Break-Even Guide","Personal Finance 101","https://tooltrio.com/blog/category/personal-finance","2026-07-06","","289","false","Profit Margin Calculator 2026: Pricing, Markup & Break-Even Guide","65","$100 product, $60 cost = 40% gross margin. But net margin after overhead may be only 8%. How to calculate every margin and price correctly in 2026.","147","https://tooltrio.com/blog/profit-margin-business-pricing-2026","true","false","false","true","tooltrio Team","4","0","8","0","0","https://tooltrio.com/blog/profit-margin-business-pricing-2026/opengraph-image","false","false","false","PASS"
"529-college-savings-plan-2026-guide","https://tooltrio.com/blog/529-college-savings-plan-2026-guide","529 College Savings Plan in 2026: How Much to Save and When to Start","Personal Finance 101","https://tooltrio.com/blog/category/personal-finance","2026-06-28","","350","false","529 College Savings Plan 2026: How Much to Save by Child Age","60","College costs $112,000-$328,000 in 2026. Starting a 529 at birth = $290/month. Starting at age 10 = $1,020/month. Exact savings plan by child age.","146","https://tooltrio.com/blog/529-college-savings-plan-2026-guide","true","false","false","true","tooltrio Team","5","0","9","0","0","https://tooltrio.com/blog/529-college-savings-plan-2026-guide/opengraph-image","false","false","false","PASS"
"what-is-a-zip-plus-4-code","https://tooltrio.com/blog/what-is-a-zip-plus-4-code","What Is a ZIP+4 Code? The Extra 4 Digits Explained","ZIP Code Guides","https://tooltrio.com/blog/category/zip-codes","2026-08-04","","1777","false","What Is a ZIP+4 Code? Format, Meaning & How to Find Yours","57","ZIP+4 explained: what the extra 4 digits mean, the XXXXX-XXXX format, why USPS uses it, and how to look up your ZIP+4 code for free.","132","https://tooltrio.com/blog/what-is-a-zip-plus-4-code","true","true","true","true","tooltrio ZIP Team","7","0","5","0","0","https://tooltrio.com/blog/what-is-a-zip-plus-4-code/opengraph-image","false","false","false","PASS"
"how-to-find-a-zip-code-from-an-address","https://tooltrio.com/blog/how-to-find-a-zip-code-from-an-address","How to Find a ZIP Code From an Address","ZIP Code Guides","https://tooltrio.com/blog/category/zip-codes","2026-08-04","","1514","false","How to Find a ZIP Code From an Address (Free Lookup)","52","Find the exact ZIP code for any US street address in seconds. Covers city-based lookup, edge cases, and why USPS is the final authority.","136","https://tooltrio.com/blog/how-to-find-a-zip-code-from-an-address","true","true","true","true","tooltrio ZIP Team","9","0","5","0","0","https://tooltrio.com/blog/how-to-find-a-zip-code-from-an-address/opengraph-image","false","false","false","PASS"
"how-to-find-zip-codes-within-a-radius","https://tooltrio.com/blog/how-to-find-zip-codes-within-a-radius","How to Find ZIP Codes Within a Radius","ZIP Code Guides","https://tooltrio.com/blog/category/zip-codes","2026-08-04","","1379","false","How to Find ZIP Codes Within a Radius (Free Search Tool)","56","Find every ZIP code within a set distance of any location. Free radius search tool for delivery zones, service areas, and territory planning.","141","https://tooltrio.com/blog/how-to-find-zip-codes-within-a-radius","true","true","true","true","tooltrio ZIP Team","9","0","5","0","0","https://tooltrio.com/blog/how-to-find-zip-codes-within-a-radius/opengraph-image","false","false","false","PASS"
"how-far-apart-are-two-zip-codes","https://tooltrio.com/blog/how-far-apart-are-two-zip-codes","How Far Apart Are Two ZIP Codes? Distance Explained","ZIP Code Guides","https://tooltrio.com/blog/category/zip-codes","2026-08-04","","1415","false","How Far Apart Are Two ZIP Codes? Free Distance Calculator","57","Calculate the exact distance in miles and kilometers between any two US ZIP codes. Free instant ZIP code distance calculator.","125","https://tooltrio.com/blog/how-far-apart-are-two-zip-codes","true","true","true","true","tooltrio ZIP Team","12","0","5","0","0","https://tooltrio.com/blog/how-far-apart-are-two-zip-codes/opengraph-image","false","false","false","PASS"
"how-many-zip-codes-are-in-the-united-states","https://tooltrio.com/blog/how-many-zip-codes-are-in-the-united-states","How Many ZIP Codes Are in the United States?","ZIP Code Guides","https://tooltrio.com/blog/category/zip-codes","2026-08-04","","1402","false","How Many ZIP Codes Are in the United States?","44","USPS reports 41,554 official ZIP Codes in the US. See the real breakdown by Standard, PO Box, Unique, and Military types, and why counts vary.","142","https://tooltrio.com/blog/how-many-zip-codes-are-in-the-united-states","true","true","true","true","tooltrio ZIP Team","6","0","5","0","0","https://tooltrio.com/blog/how-many-zip-codes-are-in-the-united-states/opengraph-image","false","false","false","PASS"
"which-state-has-the-most-zip-codes","https://tooltrio.com/blog/which-state-has-the-most-zip-codes","Which State Has the Most ZIP Codes?","ZIP Code Guides","https://tooltrio.com/blog/category/zip-codes","2026-08-04","","1152","false","Which State Has the Most ZIP Codes? Full Ranking","48","Texas and California consistently rank as the top two US states by ZIP code count. See the full ranking and why the exact numbers vary by source.","145","https://tooltrio.com/blog/which-state-has-the-most-zip-codes","true","true","true","true","tooltrio ZIP Team","7","0","4","0","0","https://tooltrio.com/blog/which-state-has-the-most-zip-codes/opengraph-image","false","false","false","PASS"
"which-state-has-the-fewest-zip-codes","https://tooltrio.com/blog/which-state-has-the-fewest-zip-codes","Which State Has the Fewest ZIP Codes?","ZIP Code Guides","https://tooltrio.com/blog/category/zip-codes","2026-08-04","","1087","false","Which State Has the Fewest ZIP Codes? Full Ranking","50","Rhode Island and Delaware consistently rank lowest for ZIP code count in the US. See why, and how ZIP count relates to population.","130","https://tooltrio.com/blog/which-state-has-the-fewest-zip-codes","true","true","true","true","tooltrio ZIP Team","3","0","4","0","0","https://tooltrio.com/blog/which-state-has-the-fewest-zip-codes/opengraph-image","false","false","false","PASS"
"zip-code-vs-postal-code","https://tooltrio.com/blog/zip-code-vs-postal-code","ZIP Code vs Postal Code: What's the Difference?","ZIP Code Guides","https://tooltrio.com/blog/category/zip-codes","2026-08-04","","1303","false","ZIP Code vs Postal Code: What's the Difference?","47","ZIP code is the US-specific term for what most other countries call a postal code. Learn the real difference, plus how US ZIP codes are structured.","147","https://tooltrio.com/blog/zip-code-vs-postal-code","true","true","true","true","tooltrio ZIP Team","5","0","5","0","0","https://tooltrio.com/blog/zip-code-vs-postal-code/opengraph-image","false","false","false","PASS"
"what-do-the-5-digits-in-a-zip-code-mean","https://tooltrio.com/blog/what-do-the-5-digits-in-a-zip-code-mean","What Do the 5 Digits in a ZIP Code Mean?","ZIP Code Guides","https://tooltrio.com/blog/category/zip-codes","2026-08-04","","1234","false","What Do the 5 Digits in a ZIP Code Mean?","40","Each digit in a US ZIP code has geographic meaning. See exactly what the 1st, 2nd, and last digits represent, with real examples.","129","https://tooltrio.com/blog/what-do-the-5-digits-in-a-zip-code-mean","true","true","true","true","tooltrio ZIP Team","5","0","5","0","0","https://tooltrio.com/blog/what-do-the-5-digits-in-a-zip-code-mean/opengraph-image","false","false","false","PASS"
"can-two-cities-have-the-same-zip-code","https://tooltrio.com/blog/can-two-cities-have-the-same-zip-code","Can Two Cities Have the Same ZIP Code?","ZIP Code Guides","https://tooltrio.com/blog/category/zip-codes","2026-08-04","","1252","false","Can Two Cities Have the Same ZIP Code? (Yes — Here's Why)","57","Some ZIP codes are shared by multiple city or town names. Learn why this happens and how to check which cities share a given ZIP.","129","https://tooltrio.com/blog/can-two-cities-have-the-same-zip-code","true","true","true","true","tooltrio ZIP Team","6","0","5","0","0","https://tooltrio.com/blog/can-two-cities-have-the-same-zip-code/opengraph-image","false","false","false","PASS"
"can-a-zip-code-cross-county-lines","https://tooltrio.com/blog/can-a-zip-code-cross-county-lines","Can a ZIP Code Cross County Lines?","ZIP Code Guides","https://tooltrio.com/blog/category/zip-codes","2026-08-04","","1139","false","Can a ZIP Code Cross County Lines? (Yes — Explained)","52","ZIP codes and county boundaries are drawn independently, so yes, a single ZIP code can span two or more counties. Here is why and how to check.","143","https://tooltrio.com/blog/can-a-zip-code-cross-county-lines","true","true","true","true","tooltrio ZIP Team","6","0","4","0","0","https://tooltrio.com/blog/can-a-zip-code-cross-county-lines/opengraph-image","false","false","false","PASS"
"can-a-zip-code-cross-state-lines","https://tooltrio.com/blog/can-a-zip-code-cross-state-lines","Can a ZIP Code Cross State Lines?","ZIP Code Guides","https://tooltrio.com/blog/category/zip-codes","2026-08-04","","1187","false","Can a ZIP Code Cross State Lines? (Rare, But Yes)","49","A small number of US ZIP codes technically span two states. Learn how this happens and how to check which state a ZIP officially belongs to.","140","https://tooltrio.com/blog/can-a-zip-code-cross-state-lines","true","true","true","true","tooltrio ZIP Team","9","0","4","0","0","https://tooltrio.com/blog/can-a-zip-code-cross-state-lines/opengraph-image","false","false","false","PASS"
"how-are-zip-codes-assigned","https://tooltrio.com/blog/how-are-zip-codes-assigned","How Are ZIP Codes Assigned?","ZIP Code Guides","https://tooltrio.com/blog/category/zip-codes","2026-08-04","","1156","false","How Are ZIP Codes Assigned? The USPS Process Explained","54","ZIP codes are assigned by USPS based on mail delivery efficiency, not political boundaries. Learn exactly how and why new ZIP codes get created.","144","https://tooltrio.com/blog/how-are-zip-codes-assigned","true","true","true","true","tooltrio ZIP Team","7","0","4","0","0","https://tooltrio.com/blog/how-are-zip-codes-assigned/opengraph-image","false","false","false","PASS"
"what-is-a-zip-code-prefix","https://tooltrio.com/blog/what-is-a-zip-code-prefix","What Is a ZIP Code Prefix?","ZIP Code Guides","https://tooltrio.com/blog/category/zip-codes","2026-08-04","","1116","false","What Is a ZIP Code Prefix? (First 3 Digits Explained)","53","A ZIP code prefix is the first 3 digits, identifying a regional USPS Sectional Center Facility. Learn what it means and how to use it.","134","https://tooltrio.com/blog/what-is-a-zip-code-prefix","true","true","true","true","tooltrio ZIP Team","6","0","4","0","0","https://tooltrio.com/blog/what-is-a-zip-code-prefix/opengraph-image","false","false","false","PASS"
"what-is-a-usps-zip-code","https://tooltrio.com/blog/what-is-a-usps-zip-code","What Is a USPS ZIP Code?","ZIP Code Guides","https://tooltrio.com/blog/category/zip-codes","2026-08-04","","1210","false","What Is a USPS ZIP Code? Meaning & Official Source Explained","60","Every US ZIP code is officially defined by USPS. Learn what makes a ZIP code ""official,"" how it differs from third-party data, and where to validate one.","153","https://tooltrio.com/blog/what-is-a-usps-zip-code","true","true","true","true","tooltrio ZIP Team","7","0","4","0","0","https://tooltrio.com/blog/what-is-a-usps-zip-code/opengraph-image","false","false","false","PASS"
"what-is-a-valid-us-zip-code-format","https://tooltrio.com/blog/what-is-a-valid-us-zip-code-format","What Is a Valid U.S. ZIP Code Format?","ZIP Code Guides","https://tooltrio.com/blog/category/zip-codes","2026-08-04","","1200","false","What Is a Valid U.S. ZIP Code Format? (5-Digit & ZIP+4)","55","A valid US ZIP code is 5 digits, or 9 digits as ZIP+4 (XXXXX-XXXX). See the exact format rules, common mistakes, and how to validate one.","137","https://tooltrio.com/blog/what-is-a-valid-us-zip-code-format","true","true","true","true","tooltrio ZIP Team","7","0","4","0","0","https://tooltrio.com/blog/what-is-a-valid-us-zip-code-format/opengraph-image","false","false","false","PASS"
"how-to-validate-a-zip-code","https://tooltrio.com/blog/how-to-validate-a-zip-code","How to Validate a ZIP Code","ZIP Code Guides","https://tooltrio.com/blog/category/zip-codes","2026-08-04","","1173","false","How to Validate a ZIP Code (Format + Existence Check)","53","ZIP code validation checks two things: correct format, and whether the ZIP actually exists. Free instant ZIP code validator tool.","129","https://tooltrio.com/blog/how-to-validate-a-zip-code","true","true","true","true","tooltrio ZIP Team","7","0","4","0","0","https://tooltrio.com/blog/how-to-validate-a-zip-code/opengraph-image","false","false","false","PASS"
"how-to-find-a-county-from-a-zip-code","https://tooltrio.com/blog/how-to-find-a-county-from-a-zip-code","How to Find a County From a ZIP Code","ZIP Code Guides","https://tooltrio.com/blog/category/zip-codes","2026-08-04","","1038","false","How to Find a County From a ZIP Code (Free Lookup)","50","Find the county for any US ZIP code instantly. Learn why some ZIP codes span multiple counties and how to check yours.","118","https://tooltrio.com/blog/how-to-find-a-county-from-a-zip-code","true","true","true","true","tooltrio ZIP Team","9","0","4","0","0","https://tooltrio.com/blog/how-to-find-a-county-from-a-zip-code/opengraph-image","false","false","false","PASS"
"how-to-find-a-time-zone-from-a-zip-code","https://tooltrio.com/blog/how-to-find-a-time-zone-from-a-zip-code","How to Find a Time Zone From a ZIP Code","ZIP Code Guides","https://tooltrio.com/blog/category/zip-codes","2026-08-04","","1017","false","How to Find a Time Zone From a ZIP Code (Free Tool)","51","Find the exact US timezone for any ZIP code instantly — including tricky cases like Arizona (no DST) and split-timezone states.","127","https://tooltrio.com/blog/how-to-find-a-time-zone-from-a-zip-code","true","true","true","true","tooltrio ZIP Team","10","0","4","0","0","https://tooltrio.com/blog/how-to-find-a-time-zone-from-a-zip-code/opengraph-image","false","false","false","PASS"
"how-to-find-latitude-and-longitude-from-zip-code","https://tooltrio.com/blog/how-to-find-latitude-and-longitude-from-zip-code","How to Find Latitude & Longitude From a ZIP Code","ZIP Code Guides","https://tooltrio.com/blog/category/zip-codes","2026-08-04","","1118","false","How to Find Latitude & Longitude From a ZIP Code (Free Tool)","60","Get the exact latitude and longitude coordinates for any US ZIP code instantly. Free tool, plus what ZIP-level coordinates are accurate for.","140","https://tooltrio.com/blog/how-to-find-latitude-and-longitude-from-zip-code","true","true","true","true","tooltrio ZIP Team","10","0","4","0","0","https://tooltrio.com/blog/how-to-find-latitude-and-longitude-from-zip-code/opengraph-image","false","false","false","PASS"
"how-to-find-the-population-of-a-zip-code","https://tooltrio.com/blog/how-to-find-the-population-of-a-zip-code","How to Find the Population of a ZIP Code","ZIP Code Guides","https://tooltrio.com/blog/category/zip-codes","2026-08-04","","1419","false","How to Find the Population of a ZIP Code (Free Lookup)","54","Find accurate population data for any US ZIP code. Learn how ZIP codes relate to Census ZCTAs, why some ZIPs show no data, and how to look it up free.","150","https://tooltrio.com/blog/how-to-find-the-population-of-a-zip-code","true","true","true","true","tooltrio ZIP Team","7","0","4","0","0","https://tooltrio.com/blog/how-to-find-the-population-of-a-zip-code/opengraph-image","false","false","false","PASS"
